@lat	@lon	addr:housenumber	addr:street
37.8492825	-122.2521246	6058	College Avenue
37.8572620	-122.2527830	2959	College Avenue
37.8691166	-122.2548254	2300	College Avenue
37.8684027	-122.2607100	2430	Bancroft Way
37.8734190	-122.2687460	1920	Shattuck Avenue
37.8647961	-122.2671401	2451	Shattuck Avenue
37.8650305	-122.2671120	2441	Shattuck Avenue
37.8656869	-122.2672122	2409	Shattuck Avenue
37.8684190	-122.2675560	2255	Shattuck Avenue
37.8717157	-122.2705222	2000	University Avenue
37.8709518	-122.2748450	1800	University Avenue
37.8825201	-122.2666828	2211	Rose Street
37.8782287	-122.2886844	1578	Hopkins Street
37.8488468	-122.2717547	3290	Adeline Street
37.8817265	-122.2698100	1400	Shattuck Avenue
37.8805034	-122.2690108	1491	Shattuck Avenue
37.8806940	-122.2690080	1475	Shattuck Avenue
37.8809230	-122.2690350	1463	Shattuck Avenue
37.8798261	-122.2688892	1511	Shattuck Avenue
37.8798563	-122.2690130	1511	Shattuck Avenue
37.8797331	-122.2690006	1513	Shattuck Avenue
37.8796544	-122.2690441	1515	Shattuck Avenue
37.8795958	-122.2689700	1517	Shattuck Avenue
37.8800649	-122.2694799	1500	Shattuck Avenue
37.8799793	-122.2694793	1504	Shattuck Avenue
37.8798600	-122.2694690	1512	Shattuck Avenue
37.8793300	-122.2694030	1540	Shattuck Avenue
37.8782230	-122.2694410	1600	Shattuck Avenue
37.8780338	-122.2692547	1600	Shattuck Avenue
37.8779258	-122.2692415	1602	Shattuck Avenue
37.8770733	-122.2691647	1674	Shattuck Avenue
37.8768171	-122.2691238	1686	Shattuck Avenue
37.8767090	-122.2691070	1690	Shattuck Avenue
37.8767394	-122.2687078	1685	Shattuck Avenue
37.8764640	-122.2690790	1700	Shattuck Avenue
37.8760100	-122.2690380	1730	Shattuck Avenue
37.8752578	-122.2689252	1776	Shattuck Avenue
37.8751541	-122.2689132	1782	Shattuck Avenue
37.8750524	-122.2689020	1788	Shattuck Avenue
37.8749116	-122.2688783	1796	Shattuck Avenue
37.8740710	-122.2683760	1849	Shattuck Avenue
37.8737120	-122.2687720	1900	Shattuck Avenue
37.8725460	-122.2686471	1986	Shattuck Avenue
37.8724290	-122.2686400	1988	Shattuck Avenue
37.8727493	-122.2686723	1958	Shattuck Avenue
37.8725627	-122.2682198	1981	Shattuck Avenue
37.8723550	-122.2681800	2101	Shattuck Avenue
37.8729720	-122.2683120	1951	Shattuck Avenue
37.8723030	-122.2686290	1998	Shattuck Avenue
37.8720635	-122.2679389	48	Shattuck Square
37.8785742	-122.2685875	2109	Cedar Street
37.8786643	-122.2689271	1543	Shattuck Avenue
37.8802403	-122.2683180	2124	Vine Street
37.8799973	-122.2684084	1508	Walnut Street
37.8799090	-122.2685970	1510G	Walnut Street
37.8852816	-122.2745283	1201	The Alameda
37.8755667	-122.2606291	1832	Euclid Avenue
37.8752789	-122.2596786	2490	Hearst Avenue
37.8758594	-122.2601321	1805	Euclid Avenue
37.8755541	-122.2600854	1841	Euclid Avenue
37.8756130	-122.2600970	1839	Euclid Avenue
37.8757648	-122.2601253	1807	Euclid Avenue
37.8756956	-122.2601117	1829	Euclid Avenue
37.8758027	-122.2604260	1814	Euclid Avenue
37.8725510	-122.2665090	2161	University Avenue
37.9008361	-122.3029437	10057	San Pablo Avenue
37.8988539	-122.2995747	225	El Cerrito Plaza
37.8916279	-122.2773180	1897	Solano Avenue
37.8912805	-122.2774480	1892	Solano Avenue
37.8913140	-122.2775360	1888	Solano Avenue
37.8912553	-122.2779040	1870	Solano Avenue
37.8916057	-122.2775430	1889	Solano Avenue
37.8916007	-122.2778100	1881	Solano Avenue
37.8915965	-122.2785038	1855	Solano Avenue
37.8915408	-122.2785590	1853	Solano Avenue
37.8915131	-122.2791940	1825	Solano Avenue
37.8915550	-122.2796250	1801	Solano Avenue
37.8914732	-122.2800108	1799	Solano Avenue
37.8913328	-122.2823824	1707	Solano Avenue
37.8913287	-122.2827515	1695	Solano Avenue
37.8912462	-122.2840802	1615	Solano Avenue
37.8911948	-122.2848070	1591	Solano Avenue
37.8910081	-122.2884030	1477	Solano Avenue
37.8909626	-122.2894771	1423	Solano Avenue
37.8909336	-122.2895270	1421	Solano Avenue
37.8908894	-122.2904000	1389	Solano Avenue
37.8908780	-122.2906540	1373	Solano Avenue
37.8904590	-122.2982037	1115	Solano Avenue
37.8895511	-122.2984800	917	San Pablo Avenue
37.8902538	-122.2965640	1166	Solano Avenue
37.8906728	-122.2891930	1406	Solano Avenue
37.8906715	-122.2883010	1492	Solano Avenue
37.8909135	-122.2851990	1554	Solano Avenue
37.8911252	-122.2815990	1736	Solano Avenue
37.8911993	-122.2794068	1820	Solano Avenue
37.8283848	-122.2607361	421	40th Street
37.8707612	-122.2930882	1822	San Pablo Avenue
37.8706680	-122.2730910	2080	Martin Luther King Jr Way
37.8699970	-122.2717730	1931	Center Street
37.8683211	-122.2867833	1250	Addison Street
37.8702560	-122.2673120	2114	Center Street
37.8702750	-122.2671740	2126	Center Street
37.8703285	-122.2668557	2132	Center Street
37.8703390	-122.2667930	2142	Center Street
37.8703610	-122.2666332	2146	Center Street
37.8703929	-122.2664100	2152	Center Street
37.8704013	-122.2663289	2154	Center Street
37.8704080	-122.2662490	2160	Center Street
37.8704110	-122.2661716	2168	Center Street
37.8704100	-122.2660790	2128	Oxford Street
37.8702011	-122.2676247	2151	Shattuck Avenue
37.8915285	-122.2789550	1831	Solano Avenue
37.8667498	-122.2688401	2029	Durant Avenue
37.8229051	-122.2336783	760	Magnolia Avenue
37.9007491	-122.3015643	6324	Fairmount Avenue
37.8385380	-122.2799694	1051	55th Street
37.8301509	-122.2644524	4113	Telegraph Avenue
37.8218910	-122.2707175	3209	Martin Luther King Junior Way
37.8623288	-122.2646538	2200	Parker Street
37.8696551	-122.2957124	926	Hearst Avenue
37.8662168	-122.2812450	2235	Sacramento Street
37.8671666	-122.2971560	2031	6th Street
37.8683834	-122.2531671	2728	Durant Avenue
37.8636500	-122.3179870	100	Seawall Drive
37.8147814	-122.2457680	3530	Grand Avenue
37.8676865	-122.2588201	2355	Telegraph Avenue
37.8683714	-122.2589537	2311	Telegraph Avenue
37.8680186	-122.2591660	2340	Telegraph Avenue
37.8748143	-122.2969639	997	Cedar Street
37.8369378	-122.3032905	2333	Powell Street
37.8689285	-122.2983310	1900	6th Street
37.8592410	-122.2667710	2100	Ward Street
37.8652930	-122.2581510	2505	Dwight Way
37.8730923	-122.2733780	1900	Martin Luther King Jr Way
37.8506817	-122.2525731	6319	College Avenue
37.8768690	-122.2803493	1601	California Street
37.8782219	-122.2692738	1600	Shattuck Avenue
37.8833033	-122.2589897	1409	Greenwood Terrace
37.8794576	-122.2620822	2451	Cedar Street
37.8795977	-122.2621423	1597	Hawthorne Terrace
37.8792678	-122.2636851	2365	Cedar Street
37.8789132	-122.2667213	1555	Oxford Street
37.8786221	-122.2665841	2200	Cedar Street
37.8817106	-122.2708461	2016	Rose Street
37.8816513	-122.2714506	2004	Rose Street
37.8838307	-122.2576377	2707	La Loma Avenue
37.8822352	-122.2703828	2091	Rose Street
37.8818951	-122.2716733	2003	Rose Street
37.8819231	-122.2716830	1345	Milvia Street
37.8849679	-122.2545250	1369	Glendale Avenue
37.8358590	-122.2628390	4901	Telegraph Avenue
37.8346047	-122.2627701	4710	Telegraph Avenue
37.8351791	-122.2630386	4811	Telegraph Avenue
37.8347402	-122.2631048	4725	Telegraph Avenue
37.8347499	-122.2631810	4721	Telegraph Avenue
37.8344662	-122.2632445	4701	Telegraph Avenue
37.8325303	-122.2637400	4419	Telegraph Avenue
37.8314839	-122.2640264	4243	Telegraph Avenue
37.8309711	-122.2637142	4202	Telegraph Avenue
37.8342622	-122.2632791	4695	Telegraph Avenue
37.8348012	-122.2627014	4800	Telegraph Avenue
37.8348894	-122.2626757	4800A	Telegraph Avenue
37.8697888	-122.2660620	2175	Allston Way
37.8607928	-122.2896943	2504	San Pablo Avenue
37.8817177	-122.2739164	1343	Martin Luther King Jr Way
37.8815025	-122.2725947	1928	Rose Street
37.8815420	-122.2742330	1346	Martin Luther King Jr Way
37.8809762	-122.2764953	1782	Rose Street
37.8756834	-122.2934479	1111	Hopkins Street
37.8749191	-122.2942927	1610	San Pablo Avenue
37.8703637	-122.2980934	1803	6th Street
37.8703421	-122.2986267	1800	6th Street
37.8696530	-122.2979931	1823	6th Street
37.8695145	-122.2979361	827	Hearst Avenue
37.8682498	-122.2981251	811	University Avenue
37.8692230	-122.2978199	1901	6th Street
37.8684746	-122.2976148	1927	6th Street
37.8678803	-122.2972268	830	University Avenue
37.8684162	-122.2964944	901	University Avenue
37.8685565	-122.2957081	925	University Avenue
37.8686213	-122.2954073	929	University Avenue
37.8687706	-122.2946142	997	University Avenue
37.8690661	-122.2931533	1017	University Avenue
37.8692258	-122.2924211	1095	University Avenue
37.8698499	-122.2883429	1245	University Avenue
37.8711781	-122.2778503	1699	University Avenue
37.8724322	-122.2705597	1945	Milvia Street
37.8728806	-122.2706097	1921	Milvia Street
37.8734192	-122.2710388	1904	Milvia Street
37.8738624	-122.2708407	2001	Hearst Avenue
37.8740245	-122.2708882	1811	Milvia Street
37.8739897	-122.2711562	1822	Milvia Street
37.8742960	-122.2709583	1801	Milvia Street
37.8743164	-122.2712174	1942	Delaware Street
37.8746515	-122.2712060	1746	Milvia Street
37.8752429	-122.2712943	1728	Milvia Street
37.8752879	-122.2709012	1729	Milvia Street
37.8760752	-122.2710719	1703	Milvia Street
37.8758281	-122.2710239	1713	Milvia Street
37.8755307	-122.2712791	1716	Milvia Street
37.8762084	-122.2710539	2000	Virginia Street
37.8783033	-122.2712459	2001	Cedar Street
37.8851657	-122.2719837	1203	Milvia Street
37.8836679	-122.2722425	1945	Berryman Street
37.8852264	-122.2718327	2004	Eunice Street
37.8834880	-122.2712554	1300	Henry Street
37.8839548	-122.2699688	2051	Berryman Street
37.8840119	-122.2699243	1238	Shattuck Avenue
37.8845606	-122.2642186	2318	Glen Avenue
37.8803094	-122.2799808	1352	McGee Avenue
37.8801846	-122.2799233	1625	Rose Street
37.8816305	-122.2817409	1576	Hopkins Street
37.8816759	-122.2816511	1578	Hopkins Street
37.8817326	-122.2815326	1582	Hopkins Street
37.8817581	-122.2814787	1584	Hopkins Street
37.8817836	-122.2814320	1586	Hopkins Street
37.8818102	-122.2813789	1590	Hopkins Street
37.8818885	-122.2812524	1600	Hopkins Street
37.8821976	-122.2812164	1611	Hopkins Street
37.8815028	-122.2817380	1301	California Street
37.8875516	-122.2622354	1177	Euclid Avenue
37.8834794	-122.2511123	50	Avenida Drive
37.8835203	-122.2498694	98	Avenida Drive
37.8588105	-122.2450520	2984	Russell Street
37.8574923	-122.2529060	2947	College Avenue
37.8822564	-122.2702515	2093	Rose Street
37.8832237	-122.2734914	1910	Berryman Street
37.8890262	-122.2594268	1140	Cragmont Avenue
37.8909368	-122.2638785	1039	Cragmont Avenue
37.8910577	-122.2636487	1041	Cragmont Avenue
37.8802212	-122.2707023	2021	Vine Lane
37.8807203	-122.2680225	"1441,1443"	Walnut Street
37.8801408	-122.2690592	2100	Vine Street
37.8801698	-122.2682868	1502	Walnut Street
37.8837372	-122.2495995	102	Avenida Drive
37.8758475	-122.2736468	1700	Martin Luther King Jr Way
37.9031730	-122.2782440	304	Arlington Avenue
37.8801108	-122.2695706	2046	Vine Street
37.8665180	-122.2673210	2349	Shattuck Avenue
37.8615021	-122.2782180	1602	Blake Street
37.8623832	-122.2739581	1801	Blake Street
37.8635778	-122.2697677	2505	Milvia Street
37.8628353	-122.2696788	2519	Milvia Street
37.8625603	-122.2721607	2526	Martin Luther King Jr Way
37.8631535	-122.2722233	2500	Martin Luther King Jr Way
37.8616692	-122.2717229	1901	Parker Street
37.8626186	-122.2696332	2533	Milvia Street
37.8619553	-122.2695542	2539	Milvia Street
37.8555392	-122.2746147	1662	Russell Street
37.8626342	-122.2766121	2506	McGee Avenue
37.8627367	-122.2762793	1700	Dwight Way
37.8629588	-122.2745519	1736	Dwight Way
37.8630076	-122.2741801	1800	Dwight Way
37.8632281	-122.2724761	1866	Dwight Way
37.8658970	-122.2679070	2390	Shattuck Avenue
37.8662070	-122.2672730	2377	Shattuck Avenue
37.8679690	-122.2681470	2274	Shattuck Avenue
37.8670830	-122.2660870	2131	Durant Avenue
37.8711840	-122.2689450	2087	Addison Street
37.8709541	-122.2690818	2040	Addison Street
37.8709715	-122.2689098	2072	Addison Street
37.8709294	-122.2692750	2030	Addison Street
37.8710428	-122.2684788	2102	Shattuck Avenue
37.8715585	-122.2685222	2020	Shattuck Avenue
37.8714890	-122.2685200	2024	Shattuck Avenue
37.8712770	-122.2684940	2036	Shattuck Avenue
37.8717260	-122.2685160	2012	Shattuck Avenue
37.8716610	-122.2685180	2016	Shattuck Avenue
37.8719552	-122.2685759	2000	Shattuck Avenue
37.8674090	-122.2680890	2300	Shattuck Avenue
37.8694706	-122.2661064	2200	Oxford Street
37.8688482	-122.2664473	11	Oxford Street
37.8686607	-122.2675890	2237	Shattuck Avenue
37.8687389	-122.2668527	2119	Kittredge Street
37.8669295	-122.2734671	1829	Bancroft Way
37.8687466	-122.2735263	1835	Allston Way
37.8686847	-122.2740235	1823	Allston Way
37.8686166	-122.2728750	2200	Martin Luther King Jr Way
37.8698739	-122.2722648	1907	Center Street
37.8700829	-122.2707152	1947	Center Street
37.8687545	-122.2739902	2138	McKinley Avenue
37.8698881	-122.2727102	2111	Martin Luther King Jr Way
37.8462710	-122.2521390	5801	College Avenue
37.8661609	-122.2779367	1630	Bancroft Way
37.8696590	-122.2786359	2100	Jefferson Avenue
37.8698139	-122.2782757	1640	Addison Street
37.8699723	-122.2783065	1629	Addison Street
37.8703156	-122.2786335	2060	Jefferson Avenue
37.8701917	-122.2783885	2015	Jefferson Avenue
37.8648364	-122.2755274	1727	Channing Way
37.8649291	-122.2748010	1739	Channing Way
37.8951897	-122.2691595	780	Spruce Street
37.9044840	-122.2691249	600	Parkside Court
37.8889048	-122.2727170	1995	El Dorado Avenue
37.8889885	-122.2725605	2001	El Dorado Avenue
37.8930903	-122.2690416	882	Santa Barbara Road
37.8930580	-122.2693161	804	Indian Rock Avenue
37.8370440	-122.2621460	5098	Telegraph Avenue
37.8507946	-122.2525774	6323	College Avenue
37.8897076	-122.2711608	2034	Del Norte Court
37.8915944	-122.2778930	1877	Solano Avenue
37.8829538	-122.2757598	1818	Berryman Street
37.8829353	-122.2756494	1820	Berryman Street
37.8828887	-122.2755748	1304	Josephine Street
37.8835064	-122.2741645	1273	Martin Luther King Jr Way
37.8834675	-122.2741622	1275	Martin Luther King Jr Way
37.8834285	-122.2741575	1277	Martin Luther King Jr Way
37.8833989	-122.2741528	1279	Martin Luther King Jr Way
37.8842611	-122.2742092	1235	Martin Luther King Jr Way
37.8841573	-122.2741998	1239	Martin Luther King Jr Way
37.8844502	-122.2742092	1229	The Alameda
37.8847432	-122.2742468	1221	The Alameda
37.8916278	-122.2774396	1895	Solano Avenue
37.8917520	-122.2773221	896	The Alameda
37.8366020	-122.2621455	5008	Telegraph Avenue
37.8456603	-122.2616655	5950	Racine Street
37.8456603	-122.2614778	5939	Telegraph Avenue
37.8478997	-122.2519680	5940	College Avenue
37.8586033	-122.2440933	2922	Domingo Avenue
37.8935171	-122.2690676	869	Santa Barbara Road
37.8951102	-122.2702694	805	Santa Barbara Road
37.8949798	-122.2703875	804	Santa Barbara Road
37.8958052	-122.2700687	140	Montrose Road
37.8960157	-122.2712256	770	Santa Barbara Road
37.8960008	-122.2705976	767	Santa Barbara Road
37.8951959	-122.2693722	194	Montrose Road
37.8951903	-122.2694548	190	Montrose Road
37.8348296	-122.2857890	4701	Doyle Street
37.8684017	-122.2916893	2049	San Pablo Avenue
37.8686225	-122.2917550	2033	San Pablo Avenue
37.8694421	-122.2483973	19	Orchard Lane
37.8693969	-122.2482396	21	Orchard Lane
37.9008877	-122.3099753	5430	Central Avenue
37.8717025	-122.2732154	1885	University Avenue
37.8725740	-122.2734798	1841	Berkeley Way
37.8788050	-122.2735665	1519	Martin Luther King Jr Way
37.8748668	-122.2731840	1733	Martin Luther King Jr Way
37.8789883	-122.2736007	1515	Martin Luther King Jr Way
37.8720169	-122.2754932	1918	Grant Street
37.8762719	-122.2736782	1642	Martin Luther King Jr Way
37.8732980	-122.2726601	1910	Hearst Avenue
37.8728741	-122.2733196	1916	Martin Luther King Jr Way
37.8758360	-122.2733715	1703	Martin Luther King Jr Way
37.8719191	-122.2728754	1949	Martin Luther King Jr Way
37.8726615	-122.2732917	1922A	Martin Luther King Jr Way
37.8795541	-122.2734981	1902	Vine Street
37.8725770	-122.2736616	1839	Berkeley Way
37.8739401	-122.2730972	1807	Martin Luther King Jr Way
37.8723927	-122.2724685	1910	Berkeley Way
37.8779976	-122.2735503	1553	Martin Luther King Jr Way
37.8792195	-122.2730645	1506B	Bonita Avenue
37.8762122	-122.2736674	1644	Martin Luther King Jr Way
37.8733196	-122.2723864	1912	Hearst Avenue
37.8749180	-122.2731948	1731 1/2	Martin Luther King Jr Way
37.8726668	-122.2728099	1903	Berkeley Way
37.8783344	-122.2735359	1535	Martin Luther King Jr Way
37.8723609	-122.2729093	1921	Martin Luther King Jr Way
37.8758909	-122.2737350	1888	Virginia Street
37.8759353	-122.2733881	1701	Martin Luther King Jr Way
37.8792407	-122.2728723	1508	Bonita Avenue
37.8720651	-122.2728776	1935	Martin Luther King Jr Way
37.8740653	-122.2731881	1803	Martin Luther King Jr Way
37.8784297	-122.2735557	1533	Martin Luther King Jr Way
37.8792932	-122.2729878	1504B	Bonita Avenue
37.8720752	-122.2751799	1927	Grant Street
37.8763287	-122.2736854	1640	Martin Luther King Jr Way
37.8726384	-122.2729785	1919	Martin Luther King Jr Way
37.8720176	-122.2728933	1943	Martin Luther King Jr Way
37.8726552	-122.2734871	1845	Berkeley Way
37.8792759	-122.2730763	1506	Bonita Avenue
37.8742627	-122.2739098	1835	Delaware Street
37.8759336	-122.2732941	1902	Virginia Street
37.8750642	-122.2729776	1908	Francisco Street
37.8786813	-122.2735899	1521	Martin Luther King Jr Way
37.8749919	-122.2732128	1729	Martin Luther King Jr Way
37.8789201	-122.2735863	1517	Martin Luther King Jr Way
37.8780445	-122.2731127	1909	Cedar Street
37.8757848	-122.2733655	1705	Martin Luther King Jr Way
37.8723950	-122.2724353	1912	Berkeley Way
37.8785505	-122.2734422	1527	Martin Luther King Jr Way
37.8793085	-122.2728800	1504	Bonita Avenue
37.8718850	-122.2728690	1951;1947	Martin Luther King Jr Way
37.8728855	-122.2734420	1916A	Martin Luther King Jr Way
37.8753246	-122.2732488	1721	Martin Luther King Jr Way
37.8761582	-122.2736620	1648	Martin Luther King Jr Way
37.8783387	-122.2734206	1537	Martin Luther King Jr Way
37.8721932	-122.2740003	1830	Berkeley Way
37.8748953	-122.2731894	1731	Martin Luther King Jr Way
37.8814602	-122.2727471	1401	Bonita Avenue
37.8723074	-122.2729050	1925	Martin Luther King Jr Way
37.8758871	-122.2733827	1701 1/2	Martin Luther King Jr Way
37.8722506	-122.2732676	1930	Martin Luther King Jr Way
37.8792284	-122.2729580	1508B	Bonita Avenue
37.8728173	-122.2733124	1918	Martin Luther King Jr Way
37.8795370	-122.2736583	1900	Vine Street
37.8761170	-122.2736550	1650	Martin Luther King Jr Way
37.8752848	-122.2729430	1909	Francisco Street
37.8890114	-122.2617279	1121	Euclid Avenue
37.9019878	-122.2786987	1	Eagle Hill Road
37.9016983	-122.2788887	24	Eagle Hill Road
37.9019197	-122.2793285	12	Eagle Hill Road
37.9017454	-122.2790788	20	Eagle Hill Road
37.9023871	-122.2787959	8	Edgecroft Road
37.9020383	-122.2793992	8	Eagle Hill Road
37.8707480	-122.2704630	2101	Milvia Street
37.8705500	-122.2705080	2109	Milvia Street
37.8309714	-122.2859462	4081	Hollis Street
37.8684023	-122.2454079	162	Panoramic Way
37.8990487	-122.2990370	235	El Cerrito Plaza
37.8583935	-122.2527744	2708	Russell Street
37.8270187	-122.2510470	4184	Piedmont Avenue
37.8718384	-122.2679138	46	Shattuck Square
37.8718023	-122.2682079	63	Shattuck Square
37.8714525	-122.2679134	80	Shattuck Square
37.8717706	-122.2679074	64E	Shattuck Square
37.8718200	-122.2681730	63	Shattuck Square
37.8714274	-122.2680967	81	Shattuck Square
37.8716033	-122.2678932	64C	Shattuck Square
37.8720321	-122.2681839	21	Shattuck Square
37.8712897	-122.2679916	15	Shattuck Square
37.8720196	-122.2679645	48	Shattuck Square
37.8713668	-122.2678669	52	Shattuck Square
37.8714656	-122.2678794	80	Shattuck Square
37.8714497	-122.2681421	91	Shattuck Square
37.8717559	-122.2679062	64F	Shattuck Square
37.8716300	-122.2681737	64	Shattuck Square
37.8714527	-122.2727714	1900	University Avenue
37.8714650	-122.2726248	1908	University Avenue
37.8714589	-122.2726969	1904	University Avenue
37.8714210	-122.2728150	1900	University Avenue
37.8714298	-122.2726358	1908	University Avenue
37.8208214	-122.2606579	3314	Piedmont Avenue
37.8285776	-122.2599099	400	40th Street
37.8227188	-122.2664434	3401	Telegraph Avenue
37.8785990	-122.3047550	1306	3rd Street
37.8228710	-122.2903190	2791	Wood Street
37.8905548	-122.2968165	1181	Solano Avenue
37.8350250	-122.2626820	4822	Telegraph Avenue
37.8447017	-122.2768872	6050	Lowell Street
37.8576547	-122.2532780	2936	College Avenue
37.8304351	-122.2472872	4401	Piedmont Avenue
37.8285330	-122.2493870	4290	Piedmont Avenue
37.8298136	-122.3728507	1245C	Northpoint Drive
37.8302429	-122.3735550	1246E/1397E	Gateview Court
37.8305142	-122.3728325	1242B	Northpoint Drive
37.8300866	-122.3730190	1244E	Northpoint Drive
37.8305122	-122.3744734	1232A	Northpoint Drive
37.8310735	-122.3730189	1240D	Northpoint Drive
37.8317956	-122.3734416	1235B	Northpoint Drive
37.8305818	-122.3747884	1227A	Northpoint Drive
37.8305463	-122.3725400	1241D	Northpoint Drive
37.8302144	-122.3739270	1248B/1395B	Gateview Court
37.8314604	-122.3734448	1238D	Northpoint Drive
37.8300842	-122.3726187	1243E	Northpoint Drive
37.8304855	-122.3734550	1246A/1397A	Gateview Court
37.8315192	-122.3729084	1237D	Northpoint Drive
37.8296423	-122.3729547	1245F	Northpoint Drive
37.8302617	-122.3744874	1232E	Northpoint Drive
37.8307111	-122.3728999	1242E	Northpoint Drive
37.8299184	-122.3731420	1244B	Northpoint Drive
37.8307789	-122.3744600	1234D	Northpoint Drive
37.8308647	-122.3726354	1239H	Northpoint Drive
37.8317543	-122.3732967	1235D	Northpoint Drive
37.8307657	-122.3747934	1227D	Northpoint Drive
37.8302968	-122.3724537	1243A	Northpoint Drive
37.8303888	-122.3738520	1248E/1395E	Gateview Court
37.8313892	-122.3732168	1238A	Northpoint Drive
37.8298696	-122.3727867	1245B	Northpoint Drive
37.8302589	-122.3748010	1225C	Northpoint Drive
37.8304546	-122.3728129	1242A	Northpoint Drive
37.8301320	-122.3729850	1244F	Northpoint Drive
37.8304466	-122.3744774	1232B	Northpoint Drive
37.8311011	-122.3727134	1239D	Northpoint Drive
37.8318115	-122.3735324	1235A	Northpoint Drive
37.8309685	-122.3744300	1234A	Northpoint Drive
37.8306041	-122.3725580	1241C	Northpoint Drive
37.8301545	-122.3739530	1248A/1395A	Gateview Court
37.8314646	-122.3735358	1238E	Northpoint Drive
37.8301474	-122.3725957	1243D	Northpoint Drive
37.8300777	-122.3736410	1246H/1397H	Gateview Court
37.8315640	-122.3729544	1237C	Northpoint Drive
37.8296921	-122.3729177	1245E	Northpoint Drive
37.8301925	-122.3744914	1232F	Northpoint Drive
37.8308879	-122.3729448	1240A	Northpoint Drive
37.8307134	-122.3744420	1234E	Northpoint Drive
37.8309171	-122.3726524	1239G	Northpoint Drive
37.8317561	-122.3732168	1235E	Northpoint Drive
37.8307074	-122.3747964	1227C	Northpoint Drive
37.8304207	-122.3724780	1241F	Northpoint Drive
37.8303105	-122.3735460	1246D/1397D	Gateview Court
37.8314091	-122.3732988	1238B	Northpoint Drive
37.8299142	-122.3727527	1245A	Northpoint Drive
37.8303222	-122.3747970	1225D	Northpoint Drive
37.8311331	-122.3730246	1240E	Northpoint Drive
37.8303858	-122.3744674	1232C	Northpoint Drive
37.8311539	-122.3727314	1239C	Northpoint Drive
37.8309090	-122.3744330	1234B	Northpoint Drive
37.8306726	-122.3725600	1241B	Northpoint Drive
37.8305640	-122.3737950	1248H/1395H	Gateview Court
37.8314833	-122.3736128	1238F	Northpoint Drive
37.8301988	-122.3725567	1243C	Northpoint Drive
37.8301314	-122.3736190	1246G/1397G	Gateview Court
37.8306408	-122.3728545	1242D	Northpoint Drive
37.8299820	-122.3731130	1244C	Northpoint Drive
37.8301267	-122.3748280	1225A	Northpoint Drive
37.8309402	-122.3729614	1240B	Northpoint Drive
37.8306489	-122.3744450	1234F	Northpoint Drive
37.8309840	-122.3726544	1239F	Northpoint Drive
37.8303359	-122.3738900	1248D/1395D	Gateview Court
37.8317415	-122.3731331	1235F	Northpoint Drive
37.8304776	-122.3724960	1241E	Northpoint Drive
37.8303690	-122.3735210	1246C/1397C	Gateview Court
37.8314107	-122.3728124	1237F	Northpoint Drive
37.8301936	-122.3729610	1244G	Northpoint Drive
37.8303866	-122.3748150	1225E	Northpoint Drive
37.8311969	-122.3730449	1240F	Northpoint Drive
37.8303262	-122.3744704	1232D	Northpoint Drive
37.8312294	-122.3727344	1239B	Northpoint Drive
37.8309016	-122.3747734	1227F	Northpoint Drive
37.8307338	-122.3725800	1241A	Northpoint Drive
37.8305139	-122.3738170	1248G/1395G	Gateview Court
37.8316101	-122.3730204	1237B	Northpoint Drive
37.8297575	-122.3728937	1245D	Northpoint Drive
37.8301907	-122.3735770	1246F/1397F	Gateview Court
37.8305865	-122.3728366	1242C	Northpoint Drive
37.8300314	-122.3730770	1244D	Northpoint Drive
37.8301864	-122.3748250	1225B	Northpoint Drive
37.8310135	-122.3729998	1240C	Northpoint Drive
37.8306427	-122.3747854	1227B	Northpoint Drive
37.8310411	-122.3726734	1239E	Northpoint Drive
37.8302779	-122.3739160	1248C/1395C	Gateview Court
37.8314425	-122.3733708	1238C	Northpoint Drive
37.8300287	-122.3726617	1243F	Northpoint Drive
37.8304227	-122.3734810	1246B/1397B	Gateview Court
37.8314596	-122.3728634	1237E	Northpoint Drive
37.8302477	-122.3729200	1244H	Northpoint Drive
37.8304484	-122.3748110	1225F	Northpoint Drive
37.8307653	-122.3729177	1242F	Northpoint Drive
37.8298659	-122.3731820	1244A	Northpoint Drive
37.8308410	-122.3744560	1234C	Northpoint Drive
37.8312831	-122.3727524	1239A	Northpoint Drive
37.8317685	-122.3733776	1235C	Northpoint Drive
37.8308434	-122.3747764	1227E	Northpoint Drive
37.8302513	-122.3724887	1243B	Northpoint Drive
37.8304458	-122.3738270	1248F/1395F	Gateview Court
37.8289496	-122.3744682	1206B	Mariner Drive
37.8289798	-122.3731643	1212E	Mariner Drive
37.8292081	-122.3742080	1221A	Mariner Drive
37.8289268	-122.3738040	1208A	Mariner Drive
37.8291864	-122.3735663	1223A	Mariner Drive
37.8292278	-122.3747431	1219B	Mariner Drive
37.8290321	-122.3730046	1212C	Mariner Drive
37.8292171	-122.3744937	1219E	Mariner Drive
37.8289458	-122.3743905	1206A	Mariner Drive
37.8289623	-122.3732449	1212F	Mariner Drive
37.8290513	-122.3728446	1212A	Mariner Drive
37.8292042	-122.3741282	1221B	Mariner Drive
37.8289511	-122.3749577	1204A	Mariner Drive
37.8289312	-122.3738865	1208B	Mariner Drive
37.8292046	-122.3734820	1223B	Mariner Drive
37.8290154	-122.3750971	1204C	Mariner Drive
37.8289148	-122.3735710	1210C	Mariner Drive
37.8291934	-122.3738786	1221E	Mariner Drive
37.8289431	-122.3741339	1208E	Mariner Drive
37.8290137	-122.3730893	1212D	Mariner Drive
37.8292561	-122.3732533	1223E	Mariner Drive
37.8292132	-122.3744146	1219F	Mariner Drive
37.8289595	-122.3747095	1206E	Mariner Drive
37.8289111	-122.3736614	1210D	Mariner Drive
37.8291896	-122.3738010	1221F	Mariner Drive
37.8289481	-122.3742279	1208F	Mariner Drive
37.8292737	-122.3731722	1223F	Mariner Drive
37.8289246	-122.3739783	1208C	Mariner Drive
37.8290346	-122.3729214	1212B	Mariner Drive
37.8292046	-122.3734102	1223C	Mariner Drive
37.8289791	-122.3750393	1204B	Mariner Drive
37.8292314	-122.3745791	1219D	Mariner Drive
37.8289682	-122.3745400	1206C;1237A	Mariner Drive;Northpoint Drive
37.8289317	-122.3734873	1210B	Mariner Drive
37.8292078	-122.3739666	1221D	Mariner Drive
37.8289632	-122.3747873	1206F	Mariner Drive
37.8289290	-122.3740605	1208D	Mariner Drive
37.8292250	-122.3733155	1223D	Mariner Drive
37.8289723	-122.3746249	1206D	Mariner Drive
37.8292352	-122.3746565	1219C	Mariner Drive
37.8289349	-122.3734093	1210A	Mariner Drive
37.8292118	-122.3740470	1221C	Mariner Drive
37.8292318	-122.3748248	1219A	Mariner Drive
37.8676848	-122.2661355	2190	Bancroft Way
37.8734380	-122.2663780	1920	Oxford Street
37.8997367	-122.2877299	372	Colusa Avenue
37.8752292	-122.2603213	1870	Euclid Avenue
37.8277771	-122.2563339	4012	Broadway
37.8474021	-122.2607196	6100	Telegraph Avenue
37.8468188	-122.2847736	6334	San Pablo Avenue
37.8480998	-122.2855780	6501	San Pablo Avenue
37.8473630	-122.2879570	1195	65th Street
37.8424398	-122.2807271	1035	59th Street
37.8740281	-122.2596577	50	McCone Hall
37.8630178	-122.2584230	2601	Telegraph Avenue
37.8558832	-122.2797964	2830	Sacramento Street
37.9038598	-122.2779806	293	Arlington Avenue
37.8800330	-122.2687337	2110	Vine Street
37.8180313	-122.2672587	2882	Telegraph Avenue
37.8340168	-122.2633671	4659	Telegraph Avenue
37.8403071	-122.2512210	5400	College Avenue
37.8506248	-122.2526338	6317	College Avenue
37.8702939	-122.2660362	2132	Oxford Street
37.8701783	-122.2660161	2136	Oxford Street
37.8702858	-122.2670987	2130	Center Street
37.8703746	-122.2665437	2148	Center Street
37.8702412	-122.2660296	2134	Oxford Street
37.8703470	-122.2660450	2130	Oxford Street
37.8718990	-122.2689870	2072	University Avenue
37.8381163	-122.3078616	9	Anchor Drive
37.8174120	-122.3712223	1	Avenue of the Palms
37.8230988	-122.3728853	651	Avenue D
37.8228361	-122.3727458	631	Avenue D
37.8217428	-122.3719840	251	4th Street
37.8214801	-122.3718016	251	4th Street
37.8212089	-122.3716300	251	4th Street
37.8218191	-122.3691623	351	Avenue H
37.8305962	-122.2799950	3999	San Pablo Avenue
37.8424963	-122.2833663	5920	San Pablo Avenue
37.8402701	-122.2826233	5696	San Pablo Avenue
37.8330558	-122.2807480	4301	San Pablo Avenue
37.8308759	-122.2795765	1147	40th Street
37.8371886	-122.2952031	5791	Christie Avenue
37.8310492	-122.2854460	1333	Park Avenue
37.8358432	-122.2946339	5739	Christie Avenue
37.8393532	-122.2874295	5741	Doyle Street
37.8381288	-122.2869574	5515	Doyle Street
37.8306789	-122.2807160	1199	40th Street
37.8422985	-122.2824573	1076	59th Street
37.8422159	-122.2858154	1220	59th Street
37.8425972	-122.2808936	1038	59th Street
37.8423727	-122.2850564	1158	59th Street
37.8425231	-122.2814327	1050	59th Street
37.8424277	-122.2819718	1066	59th Street
37.8429559	-122.2953616	6340	Christie Avenue
37.8408324	-122.2950410	6021	Christie Avenue
37.8687032	-122.2930908	1048	University Avenue
37.8667360	-122.2910420	2197	San Pablo Avenue
37.8687460	-122.2929670	1054	University Avenue
37.8676540	-122.2914816	2115	San Pablo Avenue
37.8987771	-122.3020035	9895	San Pablo Avenue
37.8997359	-122.2981572	300	El Cerrito Plaza
37.8994618	-122.2986199	410	El Cerrito Plaza
37.8995359	-122.2983825	350	El Cerrito Plaza
37.8993467	-122.2987045	420	El Cerrito Plaza
37.9000629	-122.3010392	6050	El Cerrito Plaza
37.8993750	-122.3016173	7000	El Cerrito Plaza
37.8996079	-122.2983248	340	El Cerrito Plaza
37.8691529	-122.2686622	2086	Allston Way
37.8773720	-122.2758180	1601	Grant Street
37.8421720	-122.2771871	960	Arlington Avenue
37.8725116	-122.2667773	2161	University Avenue
37.8718740	-122.2675790	2015	Shattuck Avenue
37.8789050	-122.2705380	1530	Henry Street
37.8479731	-122.2851336	6444	San Pablo Avenue
37.8471699	-122.2848836	6400	San Pablo Avenue
37.8489902	-122.2854670	6604	San Pablo Avenue
37.8534988	-122.2868707	2901	San Pablo Avenue
37.8538641	-122.2870330	2871	San Pablo Avenue
37.8532733	-122.2867822	2959	San Pablo Avenue
37.8690771	-122.2930870	1025	University Avenue
37.8693438	-122.2918273	1105	University Avenue
37.8693914	-122.2917132	1109	University Avenue
37.8701293	-122.2922738	1911	San Pablo Avenue
37.8695370	-122.2901560	1181	University Avenue
37.8690744	-122.2909414	1122	University Avenue
37.8691769	-122.2905139	1140	University Avenue
37.8906272	-122.2950162	1229	Solano Avenue
37.8682414	-122.2675427	2261	Shattuck Avenue
37.8369028	-122.2634973	5095	Telegraph Avenue
37.8782363	-122.2696639	1600	Shattuck Avenue
37.8753467	-122.2691450	1752	Shattuck Avenue
37.8776660	-122.2692822	1650	Shattuck Avenue
37.8816372	-122.2904199	1281	Gilman Street
37.8811703	-122.2893327	1316	Gilman Street
37.8816582	-122.2905106	1277	Gilman Street
37.8814170	-122.2907080	1272	Gilman Street
37.8262484	-122.2528992	4045	Piedmont Avenue
37.8802199	-122.2685104	2120	Vine Street
37.8802121	-122.2686103	2114	Vine Street
37.8428680	-122.2517710	5515	College Avenue
37.8710195	-122.2675369	2117	Shattuck Avenue
37.8730060	-122.2735640	1900	Martin Luther King Jr Way
37.8711070	-122.2727810	2033	Martin Luther King Junior Way
37.8777998	-122.2761572	1745	Cedar Street
37.8714717	-122.2932256	1080	Delaware Street
37.8713402	-122.2939283	1030	Delaware Street
37.8774505	-122.2758305	1800	Cedar Street
37.8812263	-122.2895217	1306	Gilman Street
37.8805767	-122.2587583	1581	Le Roy Avenue
37.8153622	-122.2453942	3612	Grand Avenue
37.8669210	-122.2680090	2342	Shattuck Avenue
37.8721630	-122.2720280	1944	Bonita Avenue
37.8781380	-122.2750625	1536	Josephine Street
37.8793272	-122.2751845	1500	Josephine Street
37.8433360	-122.2905793	6233	Hollis Street
37.8499400	-122.2857530	6706	San Pablo Avenue
37.8589712	-122.2915050	2570	9th Street
37.8575904	-122.2910760	941	Carleton Street
37.8604959	-122.2896495	2514	San Pablo Avenue
37.8606248	-122.2896238	2512	San Pablo Avenue
37.8780839	-122.2728132	1919	Cedar Street
37.8778655	-122.2723791	1601	Bonita Avenue
37.8778741	-122.2722354	1601A	Bonita Avenue
37.8759082	-122.2713442	1708	Milvia Street
37.8757909	-122.2713262	1710	Milvia Street
37.8756793	-122.2713058	1712	Milvia Street
37.8751318	-122.2712750	1730	Milvia Street
37.8750335	-122.2712654	1732	Milvia Street
37.8749342	-122.2712474	1736	Milvia Street
37.8748538	-122.2712366	1738	Milvia Street
37.8740887	-122.2711695	1818	Milvia Street
37.8732938	-122.2709987	1906	Milvia Street
37.8732038	-122.2710141	1910	Milvia Street
37.8729359	-122.2698095	1918	Henry Street
37.8778420	-122.2721611	1932	Cedar Street
37.8730593	-122.2686874	1942	Shattuck Avenue
37.8728723	-122.2704417	2005	Berkeley Way
37.8729102	-122.2702614	2009	Berkeley Way
37.8729381	-122.2699988	2017	Berkeley Way
37.8730269	-122.2689039	2053	Berkeley Way
37.8730340	-122.2688641	2055	Berkeley Way
37.8730411	-122.2687873	2057	Berkeley Way
37.8730472	-122.2687514	2059	Berkeley Way
37.8760251	-122.2710583	1705	Milvia Street
37.8759538	-122.2710522	1709	Milvia Street
37.8751713	-122.2709379	1731	Milvia Street
37.8750541	-122.2709278	1733	Milvia Street
37.8748672	-122.2709278	1739	Milvia Street
37.8741291	-122.2709118	1809	Milvia Street
37.8731596	-122.2707131	1911	Milvia Street
37.8730424	-122.2706971	1915	Milvia Street
37.8729300	-122.2706750	1919	Milvia Street
37.8760868	-122.2722201	1926	Virginia Street
37.8721224	-122.2705314	1949	Milvia Street
37.8743714	-122.2709037	2000	Delaware Street
37.8735208	-122.2706726	2000	Hearst Avenue
37.8746559	-122.2708991	2001	Delaware Street
37.8755657	-122.2709780	2001	Francisco Street
37.8762152	-122.2709972	2002	Virginia Street
37.8758756	-122.2689893	1744	Shattuck Avenue
37.8757751	-122.2689738	1748	Shattuck Avenue
37.8762305	-122.2708877	2004	Virginia Street
37.8762386	-122.2708291	2006	Virginia Street
37.8761461	-122.2707170	2008	Virginia Street
37.8762617	-122.2706099	2010	Virginia Street
37.8762758	-122.2704430	2014	Virginia Street
37.8762728	-122.2702843	2018	Virginia Street
37.8763212	-122.2701077	2022	Virginia Street
37.8763269	-122.2699329	2024	Virginia Street
37.8763425	-122.2696807	2032	Virginia Street
37.8762799	-122.2696752	2034	Virginia Street
37.8789214	-122.2728169	1518	Bonita Avenue
37.8778449	-122.2723815	1601B	Bonita Avenue
37.8733809	-122.2698537	1902	Henry Street
37.8735416	-122.2696398	1905	Henry Street
37.8732313	-122.2698229	1912	Henry Street
37.8778964	-122.2723181	1930	Cedar Street
37.8746769	-122.2708425	2003	Delaware Street
37.8755984	-122.2708100	2003	Francisco Street
37.8743949	-122.2707954	2004	Delaware Street
37.8746759	-122.2707336	2005	Delaware Street
37.8756899	-122.2708136	2005	Francisco Street
37.8744006	-122.2707420	2006	Delaware Street
37.8753007	-122.2706990	2008	Francisco Street
37.8746810	-122.2705978	2009	Delaware Street
37.8756227	-122.2706778	2009	Francisco Street
37.8753250	-122.2705120	2010	Francisco Street
37.8735073	-122.2703878	2010	Hearst Avenue
37.8753189	-122.2706119	2010B	Francisco Street
37.8756213	-122.2705021	2011	Francisco Street
37.8738085	-122.2704134	2011	Hearst Avenue
37.8744035	-122.2706478	2012	Delaware Street
37.8753644	-122.2703968	2012	Francisco Street
37.8735406	-122.2702482	2012	Hearst Avenue
37.8738217	-122.2703519	2013	Hearst Avenue
37.8744314	-122.2704893	2014	Delaware Street
37.8734628	-122.2700676	2014	Hearst Avenue
37.8747164	-122.2704134	2015	Delaware Street
37.8756323	-122.2703968	2015	Francisco Street
37.8738288	-122.2702328	2015	Hearst Avenue
37.8744421	-122.2703435	2016	Delaware Street
37.8748043	-122.2703071	2017	Delaware Street
37.8756475	-122.2703161	2017	Francisco Street
37.8744562	-122.2702432	2018	Delaware Street
37.8753968	-122.2702751	2018	Francisco Street
37.8747568	-122.2701380	2019	Delaware Street
37.8738611	-122.2701009	2019	Hearst Avenue
37.8740842	-122.2701704	2019A	Hearst Avenue
37.8744809	-122.2700727	2020	Delaware Street
37.8735780	-122.2699036	2020	Hearst Avenue
37.8747758	-122.2699898	2021	Delaware Street
37.8756596	-122.2701816	2021	Francisco Street
37.8738702	-122.2700074	2021	Hearst Avenue
37.8740623	-122.2699935	2021A	Hearst Avenue
37.8744364	-122.2699587	2022	Delaware Street
37.8754190	-122.2700727	2022	Francisco Street
37.8747900	-122.2698528	2023	Delaware Street
37.8756616	-122.2700407	2025	Francisco Street
37.8738763	-122.2698370	2025	Hearst Avenue
37.8745271	-122.2698079	2026	Delaware Street
37.8754331	-122.2699241	2026	Francisco Street
37.8757112	-122.2698870	2027	Francisco Street
37.8739268	-122.2697064	2027	Hearst Avenue
37.8754513	-122.2697871	2028	Francisco Street
37.8748162	-122.2696991	2029	Delaware Street
37.8739369	-122.2695553	2029	Hearst Avenue
37.8745463	-122.2696325	2030	Delaware Street
37.8743121	-122.2696250	2030A	Delaware Street
37.8748567	-122.2695595	2031	Delaware Street
37.8745716	-122.2694339	2032	Delaware Street
37.8736529	-122.2694310	2032	Hearst Avenue
37.8748516	-122.2694327	2033	Delaware Street
37.8739622	-122.2694285	2033	Hearst Avenue
37.8748628	-122.2693622	2035	Delaware Street
37.8757284	-122.2697320	2035	Francisco Street
37.8739804	-122.2692991	2035	Hearst Avenue
37.8739804	-122.2691582	2037	Hearst Avenue
37.8736882	-122.2693106	2038	Hearst Avenue
37.8737135	-122.2691941	2040	Hearst Avenue
37.8737196	-122.2691121	2042	Hearst Avenue
37.8757880	-122.2692274	2045	Francisco Street
37.8748324	-122.2691650	2083	Delaware Street
37.8748577	-122.2689767	2087	Delaware Street
37.8801959	-122.2708651	2019	Vine Street
37.8783643	-122.2712954	1543	Milvia Street
37.8757962	-122.2610735	2424	Ridge Road
37.8586729	-122.2680124	2748	Adeline Street
37.8149932	-122.2666028	411	26th Street
37.9012883	-122.2997345	3090	El Cerrito Plaza
37.9013410	-122.2995639	3070	El Cerrito Plaza
37.8773755	-122.2757537	1603	Grant Street
37.8755970	-122.2756459	1703	Grant Street
37.8752516	-122.2732103	1717	Martin Luther King Jr Way
37.8750138	-122.2755821	1723	Grant Street
37.8756583	-122.2756537	1800	Virginia Street
37.8749514	-122.2754999	1801	Francisco Street
37.8750587	-122.2728331	1910	Francisco Street
37.8753085	-122.2727640	1913	Francisco Street
37.8753400	-122.2726155	1917	Francisco Street
37.8751088	-122.2725809	1920	Francisco Street
37.8753627	-122.2724228	1921	Francisco Street
37.8751113	-122.2722269	1922	Francisco Street
37.8751014	-122.2722997	1924	Francisco Street
37.8751131	-122.2721102	1926	Francisco Street
37.8754309	-122.2720662	1927	Francisco Street
37.8756233	-122.2721703	1929	Francisco Street
37.8754432	-122.2719067	1933	Francisco Street
37.8751929	-122.2717585	1936	Francisco Street
37.8754660	-122.2717235	1937	Francisco Street
37.8754765	-122.2716037	1939	Francisco Street
37.8752448	-122.2716050	1940	Francisco Street
37.8754691	-122.2714964	1945	Francisco Street
37.8754808	-122.2714408	1947	Francisco Street
37.8176098	-122.2677439	2807	Telegraph Avenue
37.8718309	-122.2721190	1941	University Avenue
37.8719290	-122.2716290	1995 suite 100	University Avenue
37.8715389	-122.2751831	1801	University Avenue
37.8771738	-122.2761272	1604	Grant Street
37.8755216	-122.2758797	1700	Grant Street
37.8744839	-122.2755066	1733	Grant Street
37.8755899	-122.2759199	1746	Virginia Street
37.8774584	-122.2757424	1802	Cedar Street
37.8721576	-122.2744705	1818	Berkeley Way
37.8721560	-122.2744061	1820	Berkeley Way
37.8721766	-122.2742924	1822	Berkeley Way
37.8721727	-122.2741656	1826	Berkeley Way
37.8742440	-122.2741834	1831	Delaware Street
37.8721946	-122.2738386	1888	Berkeley Way
37.8725198	-122.2755509	1910	Grant Street
37.8723782	-122.2755310	1916	Grant Street
37.8718954	-122.2755099	1920	Grant Street
37.8717778	-122.2754958	1922	Grant Street
37.8719869	-122.2751952	1929	Grant Street
37.8742513	-122.2719750	1930	Delaware Street
37.8719043	-122.2751972	1931	Grant Street
37.8742012	-122.2717724	1932	Delaware Street
37.8745436	-122.2718004	1933	Delaware Street
37.8718201	-122.2751731	1933	Grant Street
37.8742958	-122.2716507	1936	Delaware Street
37.8745785	-122.2716738	1937	Delaware Street
37.8743053	-122.2715289	1938	Delaware Street
37.8743093	-122.2713951	1940	Delaware Street
37.8745889	-122.2715048	1941	Delaware Street
37.8746135	-122.2713639	1945	Delaware Street
37.8578970	-122.2581450	2415	Russell Street
37.8685518	-122.2681940	2240	Shattuck Avenue
37.8688395	-122.2682302	2224	Shattuck Avenue
37.8689030	-122.2682310	2222	Shattuck Avenue
37.8682310	-122.2666430	2176	Kittredge Street
37.8679255	-122.2661767	2199	Bancroft Way
37.8690976	-122.2682505	2204	Shattuck Avenue
37.8692170	-122.2682950	2200	Shattuck Avenue
37.8714700	-122.2675470	2037	Shattuck Avenue
37.8713790	-122.2675370	2045	Shattuck Avenue
37.8745620	-122.2935200	1619	San Pablo Avenue
37.8664470	-122.2916030	2198	San Pablo Avenue
37.8619290	-122.2591320	2636	Telegraph Avenue
37.8630980	-122.2803530	2424	Spaulding Avenue
37.8515606	-122.2935653	2929	5th Street
37.8624963	-122.2586140	2629	Telegraph Avenue
37.8639627	-122.2666710	2120	Dwight Way
37.8709764	-122.2675846	2199	Shattuck Avenue
37.8713221	-122.2678920	92	Shattuck Square
37.8795942	-122.3028917	1238	5th Street
37.8802060	-122.2687070	2112 A	Vine Street
37.8799620	-122.2667880	1515	Oxford Street
37.8796160	-122.2667880	1519	Oxford Street
37.8792880	-122.2667650	1541	Oxford Street
37.8785612	-122.2667107	1601	Oxford Street
37.8751784	-122.2603098	1878	Euclid Avenue
37.8754380	-122.2603460	1842	Euclid Avenue
37.8754816	-122.2605508	1834	Euclid Avenue
37.8756362	-122.2603925	1828	Euclid Avenue
37.8756976	-122.2604153	1824	Euclid Avenue
37.8757519	-122.2604188	1816	Euclid Avenue
37.8758865	-122.2604352	1804	Euclid Avenue
37.8761810	-122.2602400	1799	Euclid Avenue
37.8681989	-122.2692560	2020	Kittredge Street
37.8914484	-122.2804360	1783	Solano Avenue
37.8778793	-122.2692355	1622	Shattuck Avenue
37.8752260	-122.2689242	1778	Shattuck Avenue
37.8751911	-122.2689199	1780	Shattuck Avenue
37.8751117	-122.2689092	1784	Shattuck Avenue
37.8749529	-122.2688897	1792	Shattuck Avenue
37.8432030	-122.2514770	5560	College Avenue
37.8361635	-122.2623240	4920	Telegraph Avenue
37.8685184	-122.2693204	2222	Harold Way
37.8692876	-122.2676398	2201	Shattuck Avenue
37.8687560	-122.2676070	2233	Shattuck Avenue
37.8691515	-122.2682680	2202	Shattuck Avenue
37.8715850	-122.2715710	1956	University Avenue
37.8715850	-122.2716150	1954	University Avenue
37.8716040	-122.2714970	1960	University Avenue
37.8716070	-122.2714290	1964	University Avenue
37.8715750	-122.2714316	1964	University Avenue
37.8689930	-122.2682540	2208	Shattuck Avenue
37.8701413	-122.2706815	2120	Milvia Street
37.8702366	-122.2704321	2125	Milvia Street
37.8712014	-122.2688109	2087	Addison Street
37.8693065	-122.2694657	2043	Allston Way
37.8693192	-122.2692941	2045	Allston Way
37.8693710	-122.2688460	2075	Allston Way
37.8311486	-122.2636686	4210	Telegraph Avenue
37.8282773	-122.2559895	4044	Broadway
37.8238263	-122.2553590	4	Yosemite Avenue
37.8283775	-122.2606884	419	40th Street
37.8377730	-122.2628490	5199	Telegraph Avenue
37.8459452	-122.2855272	1121	64th Street
37.8758360	-122.2689970	1746	Shattuck Avenue
37.8733440	-122.2687390	1926	Shattuck Avenue
37.8368159	-122.2850281	1220	53rd Street
37.8728589	-122.2686784	1950	Shattuck Avenue
37.8723970	-122.2676400	2125	University Avenue
37.8723800	-122.2677580	2121	University Avenue
37.8724140	-122.2675480	2127	University Avenue
37.8721260	-122.2673696	2136	University Avenue
37.8724820	-122.2677680	2119	University Avenue
37.8721298	-122.2673086	2138	University Avenue
37.8721367	-122.2672609	2140	University Avenue
37.8721483	-122.2672000	2154	University Avenue
37.8721580	-122.2671320	2156	University Avenue
37.8721760	-122.2669780	2160	University Avenue
37.8692982	-122.2703506	2001	Allston Way
37.8784653	-122.2675397	2138	Cedar Street
37.8781167	-122.2695299	1600	Cedar Street
37.8812551	-122.2739229	1405	Martin Luther King Jr Way
37.8811937	-122.2894107	1312	Gilman Street
37.8253857	-122.2539761	3943	Piedmont Avenue
37.8277787	-122.2646471	3838	Telegraph Avenue
37.8677328	-122.2673822	2105	Bancroft Way
37.8677403	-122.2673528	2105	Bancroft Way
37.8669736	-122.2674648	2286	Shattuck Avenue
37.8677800	-122.2681132	2284	Shattuck Avenue
37.8680570	-122.2681540	2272	Shattuck Avenue
37.8680820	-122.2681630	2270	Shattuck Avenue
37.8719400	-122.2688310	2086	University Avenue
37.8719060	-122.2691200	2068	University Avenue
37.8718890	-122.2692330	2066	University Avenue
37.8718572	-122.2693120	2058	University Avenue
37.8718197	-122.2696442	2048	University Avenue
37.8718097	-122.2697277	2042	University Avenue
37.8717656	-122.2700452	2026	University Avenue
37.8717759	-122.2701449	2022	University Avenue
37.8717369	-122.2701698	2020	University Avenue
37.8153352	-122.2461016	3619	Grand Avenue
37.8810660	-122.2956844	1235	San Pablo Avenue
37.8153440	-122.2459730	3617	Grand Avenue
37.8708900	-122.2724140	1911	Addison Street
37.8711640	-122.2691109	2071	Addison Street
37.8487408	-122.2910010	1313	67th Street
37.8475641	-122.2722852	3350	Adeline Street
37.8773600	-122.2692110	1652	Shattuck Avenue
37.8771570	-122.2691630	1664	Shattuck Avenue
37.8770210	-122.2691630	1676	Shattuck Avenue
37.8705505	-122.2684217	2122	Shattuck Avenue
37.8620090	-122.2533980	2701	College Avenue
37.8656050	-122.2679400	400	Channing Way
37.8655710	-122.2672860	2415	Shattuck Avenue
37.8661810	-122.2679560	2364	Shattuck Avenue
37.8669880	-122.2680290	2330	Shattuck Avenue
37.8718060	-122.2685450	2010	Shattuck Avenue
37.8715810	-122.2685240	2020	Shattuck Avenue
37.8696972	-122.2683310	2180	Shattuck Avenue
37.8697643	-122.2683363	2174	Shattuck Avenue
37.8698930	-122.2683420	2170	Shattuck Avenue
37.8706174	-122.2684308	2120	Shattuck Avenue
37.8707880	-122.2684550	2114	Shattuck Avenue
37.8708800	-122.2684660	2112	Shattuck Avenue
37.8709051	-122.2685143	2110	Shattuck Avenue
37.8722391	-122.2689930	2071	University Avenue
37.8722010	-122.2692470	2059	University Avenue
37.8721826	-122.2693977	2043	University Avenue
37.8721761	-122.2694583	2037	University Avenue
37.8721717	-122.2695107	2035	University Avenue
37.8721652	-122.2695672	2031	University Avenue
37.8718030	-122.2723980	1923	University Avenue
37.8717490	-122.2727810	1903	University Avenue
37.8441993	-122.2776973	954	60th Street
37.8714495	-122.2750424	1807	University Avenue
37.8715365	-122.2743689	1821	University Avenue
37.8715950	-122.2740700	1849	University Avenue
37.8905967	-122.2885637	901	Santa Fe Avenue
37.8468714	-122.2845904	1099	Alcatraz Avenue
37.8684850	-122.2689590	2065	Kittredge Street
37.8679780	-122.2675410	2283	Shattuck Avenue
37.8680300	-122.2675460	2281	Shattuck Avenue
37.8671650	-122.2674590	2323	Shattuck Avenue
37.8670950	-122.2674480	2327	Shattuck Avenue
37.8660910	-122.2673210	2389	Shattuck Avenue
37.8660220	-122.2673270	2395	Shattuck Avenue
37.8659350	-122.2673270	2399	Shattuck Avenue
37.8654680	-122.2678480	2420	Shattuck Avenue
37.8526258	-122.2636914	2205	Woolsey Street
37.8526349	-122.2636063	2209	Woolsey Street
37.8528751	-122.2616944	2301	Woolsey Street
37.8528849	-122.2616212	2303	Woolsey Street
37.8528979	-122.2615050	2305	Woolsey Street
37.8529285	-122.2611719	2317	Woolsey Street
37.8529340	-122.2610201	2319	Woolsey Street
37.8293276	-122.2488132	4315	Piedmont Avenue
37.8172550	-122.2679432	2781	Telegraph Avenue
37.8709628	-122.2684696	2106	Shattuck Avenue
37.8720931	-122.2700620	2021	University Avenue
37.8682029	-122.2870547	2121	Bonar Street
37.8688550	-122.2996980	750	Hearst Avenue
37.8687990	-122.2998770	740	Hearst Avenue
37.8690620	-122.2999250	755	Hearst Avenue
37.8697814	-122.3003250	1809	Fourth Street
37.8698680	-122.3012000	1800	4th Street
37.8701314	-122.3013572	1786	Fourth Street
37.8700382	-122.3014417	1786	Fourth Street
37.8506081	-122.2520300	6310	College Avenue
37.8993664	-122.2998143	670	El Cerrito Plaza
37.8706976	-122.2679711	139	Berkeley Square
37.8704110	-122.2662070	2164	Center Street
37.8703491	-122.2667079	2144	Center Street
37.8702647	-122.2672430	2124	Center Street
37.8698350	-122.2683420	2172	Shattuck Avenue
37.8369378	-122.3038451	2449	Powell Street
37.8744289	-122.2684290	1801	Shattuck Avenue
37.8718349	-122.2720449	1941 B	University Avenue
37.8557207	-122.2669137	2930	Shattuck Avenue
37.8801800	-122.2688690	2108	Vine Street
37.8618000	-122.2534040	2707	College Avenue
37.8618520	-122.2534130	2705	College Avenue
37.8619150	-122.2534130	2703	College Avenue
37.8568505	-122.2532226	2960	College Avenue
37.8563656	-122.2528626	2989	College Avenue
37.8562523	-122.2531128	2992	College Avenue
37.8561165	-122.2528436	2999	College Avenue
37.8486391	-122.2520620	6030	College Avenue
37.8473123	-122.2518910	5900	College Avenue
37.8424830	-122.2514520	5498	College Avenue
37.8482630	-122.2519940	6000	College Avenue
37.8573131	-122.2531930	2948	College Avenue
37.8574857	-122.2532320	2944	College Avenue
37.8679791	-122.2639916	2250	Bancroft Way
37.8403621	-122.2512270	5406	College Avenue
37.8404099	-122.2512330	5408	College Avenue
37.8814721	-122.2966781	1220	San Pablo Avenue
37.8405825	-122.2512483	5414	College Avenue
37.8406450	-122.2512550	5416	College Avenue
37.8229879	-122.2558753	214	West MacArthur Boulevard
37.8298980	-122.2771761	1008	39th Street
37.8354969	-122.2729984	4616	Market Street
37.8432962	-122.2727088	852	58th Street
37.8478300	-122.2773415	1504	Alcatraz Avenue
37.9005207	-122.2999637	5030	El Cerrito Plaza
37.9006075	-122.2999717	5020	El Cerrito Plaza
37.9000085	-122.3012458	6050	El Cerrito Plaza
37.8993820	-122.2981907	320	El Cerrito Plaza
37.8915014	-122.2793880	1819	Solano Avenue
37.8911607	-122.2858424	1559	Solano Avenue
37.8915147	-122.2791192	1831	Solano Avenue
37.8911781	-122.2797500	1820	Solano Avenue
37.8916289	-122.2813652	889	Ensenada Avenue
37.8993884	-122.2873653	1568	Oak View Avenue
37.8425369	-122.2731795	876	Arlington Avenue
37.8809778	-122.2738835	1417A	Martin Luther King Jr Way
37.8811429	-122.2739150	1413	Martin Luther King Jr Way
37.8810831	-122.2739060	1415	Martin Luther King Jr Way
37.8487494	-122.2724019	1741	Alcatraz Avenue
37.8703480	-122.2841030	1401	University Avenue
37.8311350	-122.2542550	4270	Broadway
37.8846964	-122.2747447	1208	The Alameda
37.8680744	-122.2579715	2521	Durant Avenue
37.8301052	-122.2477120	4395 Unit A	Piedmont Avenue
37.8478168	-122.2771037	1516	Alcatraz Avenue
37.8700940	-122.2676370	2163	Shattuck Avenue
37.8806229	-122.2690027	1481	Shattuck Avenue
37.8262940	-122.2855890	3431	Louise Street
37.8147950	-122.2887780	1960	Mandela Parkway
37.8402508	-122.2891750	5800	Hollis Street
37.8702380	-122.2844680	1399	University Avenue
37.8700580	-122.2860500	1319	University Avenue
37.8700110	-122.2864230	1305	University Avenue
37.8261650	-122.2530160	4039	Piedmont Avenue
37.8696285	-122.2671714	2115	Allston Way
37.8526100	-122.2663194	3124	Shattuck Avenue
37.8525570	-122.2663121	3126	Shattuck Avenue
37.8254386	-122.2534898	4000	Piedmont Avenue
37.8695535	-122.2688354	2075	Allston Way
37.8534675	-122.2794044	1441	Ashby Avenue
37.8726220	-122.2934892	1722	San Pablo Avenue
37.8837660	-122.2722050	1242	Milvia Street
37.8386443	-122.2798297	1049	55th Street
37.8378369	-122.2879910	5650	Hollis Street
37.8718392	-122.2695206	2050	University Avenue
37.8433953	-122.2876854	1278	61st Street
37.8433405	-122.2879167	1282	61st Street
37.8433051	-122.2880768	1286	61st Street
37.8415704	-122.2878059	1295	59th Street
37.8408200	-122.2878704	5845	Doyle Street
37.8409994	-122.2879167	5845	Doyle Street
37.8411222	-122.2879566	5855	Doyle Street
37.8406979	-122.2875524	5856	Doyle Street
37.8409362	-122.2876316	5862	Doyle Street
37.8411789	-122.2879744	5865	Doyle Street
37.8413420	-122.2880297	5875	Doyle Street
37.8412416	-122.2877091	5878	Doyle Street
37.8414643	-122.2877788	5880	Doyle Street
37.8414455	-122.2880674	5885	Doyle Street
37.8420403	-122.2879769	5900	Doyle Street
37.8423672	-122.2880795	5950	Doyle Street
37.8265778	-122.2529546	165	41st Street
37.8318745	-122.2635407	4316	Telegraph Avenue
37.8309388	-122.2534367	4235	Terrace Street
37.8312450	-122.2797692	4000	San Pablo Avenue
37.8304807	-122.2546392	4238	Broadway
37.8637026	-122.2588600	2566B	Telegraph Avenue
37.8709128	-122.2766374	1734	University Avenue
37.8945417	-122.3000575	619	San Pablo Avenue
37.8702975	-122.2691546	2055	Center Street
37.8694022	-122.2669923	2120	Allston Way
37.8186752	-122.2671270	2930	Telegraph Avenue
37.8728120	-122.2686620	1956	Shattuck Avenue
37.8150298	-122.2583855	190	Orange Street
37.8149642	-122.2584070	192	Orange Street
37.8149175	-122.2583641	194	Orange Street
37.8150743	-122.2582568	196	Orange Street
37.8150171	-122.2581897	198	Orange Street
37.8149599	-122.2581817	200	Orange Street
37.8150743	-122.2580208	202	Orange Street
37.8150214	-122.2580368	204	Orange Street
37.8149854	-122.2580047	206	Orange Street
37.8149959	-122.2579510	208	Orange Street
37.8149599	-122.2579617	210	Orange Street
37.8264540	-122.2521542	4094	Piedmont Avenue
37.8147103	-122.2576907	275	Vernon Street
37.8164667	-122.2638468	2819	Broadway
37.8163083	-122.2639437	2801	Broadway
37.8487596	-122.2722862	1761	Alcatraz Avenue
37.8487711	-122.2721810	1763	Alcatraz Avenue
37.8147350	-122.2557537	245	Perkins Street
37.8148819	-122.2559085	215	Perkins Street
37.8155933	-122.2582867	208	Oakland Avenue
37.8156384	-122.2582427	210	Oakland Avenue
37.8161408	-122.2574164	254	Oakland Avenue
37.8161039	-122.2573677	256	Oakland Avenue
37.8160702	-122.2573362	258	Oakland Avenue
37.8164366	-122.2568612	310	Oakland Avenue
37.8182512	-122.2543936	444	Oakland Avenue
37.8182237	-122.2544447	442	Oakland Avenue
37.8181134	-122.2543176	446	Oakland Avenue
37.8181479	-122.2542777	448	Oakland Avenue
37.8179382	-122.2547736	418	Oakland Avenue
37.8178801	-122.2547113	424	Oakland Avenue
37.8201187	-122.2532299	3536	Harrison Street
37.8148667	-122.2547296	372	Adams Street
37.8147799	-122.2546545	374	Adams Street
37.8554366	-122.2663893	2999	Shattuck Avenue
37.8546999	-122.2662860	3015	Shattuck Avenue
37.8524897	-122.2663225	3130	Shattuck Avenue
37.8522959	-122.2659577	3201	Shattuck Avenue
37.8495927	-122.2659048	6401	Shattuck Avenue
37.8693615	-122.2666219	2150	Allston Way
37.8558152	-122.2683904	2921	Adeline Street
37.8574220	-122.2666000	2829	Shattuck Avenue
37.8697889	-122.2676799	2181	Shattuck Avenue
37.8698541	-122.2676718	2177	Shattuck Avenue
37.8699530	-122.2676507	2175	Shattuck Avenue
37.8816382	-122.2696704	1400	Shattuck Avenue
37.8528896	-122.2660257	3105	Shattuck Avenue
37.8778282	-122.2617895	2447	Virginia Street
37.8685047	-122.2668565	2150	Kittredge Street
37.8581787	-122.2435423	1	Tunnel Road
37.8705445	-122.2796235	1600	University Avenue
37.8843151	-122.2742495	1235	The Alameda
37.8823588	-122.2711226	1384	Henry Street
37.8822268	-122.2710074	1390	Henry Street
37.8821722	-122.2709815	1392	Henry Street
37.8821536	-122.2709660	1394	Henry Street
37.8786055	-122.2670271	1600	Oxford Street
37.8780750	-122.2669927	1634	Oxford Street
37.8779319	-122.2669742	1644	Oxford Street
37.8777894	-122.2669557	1650	Oxford Street
37.8776529	-122.2669381	1652-1658	Oxford Street
37.8775074	-122.2669193	1660	Oxford Street
37.8773816	-122.2669030	1672	Oxford Street
37.8770429	-122.2668592	1694	Oxford Street
37.8768366	-122.2657126	1700	Spruce Street
37.8768029	-122.2661619	2210	Virginia Street
37.8910217	-122.2794616	900	Colusa Avenue
37.8671552	-122.2539879	2409	College Avenue
37.8645580	-122.2539958	2530	College Avenue
37.8619581	-122.2533402	2701-2703	College Avenue
37.8326622	-122.2526766	293	Whitmore Street
37.8757550	-122.2696084	2039	Francisco Street
37.8691419	-122.2676381	2209	Shattuck Avenue
37.8690591	-122.2676332	2213	Shattuck Avenue
37.8689363	-122.2676332	2221	Shattuck Avenue
37.8680627	-122.2675521	2277	Shattuck Avenue
37.8408295	-122.2512776	5430	College Avenue
37.8413205	-122.2513071	5450	College Avenue
37.8409561	-122.2515760	5433	College Avenue
37.8142703	-122.2681876	2424	Telegraph Avenue
37.8708916	-122.2794983	1611	University Avenue
37.8707499	-122.2806804	1581	University Avenue
37.8695816	-122.2676870	2187	Shattuck Avenue
37.8587763	-122.2441415	2912	Domingo Avenue
37.8905730	-122.2959581	1205	Solano Avenue
37.8678100	-122.2580770	2518	Durant Avenue
37.8380869	-122.2514995	5301	College Avenue
37.8262983	-122.2527834	4063	Piedmont Avenue
37.8589942	-122.2594876	2826	Telegraph Avenue
37.8505400	-122.2526168	6309	College Avenue
37.8699971	-122.2660080	2140	Oxford Street
37.8700438	-122.2660110	2138	Oxford Street
37.8699516	-122.2660030	2142	Oxford Street
37.8721058	-122.2675326	2120	University Avenue
37.8731324	-122.2686909	1938	Shattuck Avenue
37.8703256	-122.2688817	2081	Center Street
37.8681385	-122.2675479	2271	Shattuck Avenue
37.8701632	-122.2701076	2015	Center Street
37.8702718	-122.2693662	2055 A	Center Street
37.8702893	-122.2692848	2055	Center Street
37.8709458	-122.2692300	2030	Addison Street
37.8717557	-122.2728651	1901	University Avenue
37.8904931	-122.2974568	1151	Solano Avenue
37.8652871	-122.2678183	2430	Shattuck Avenue
37.8800546	-122.2970940	1300	10th Street
37.8795363	-122.2972600	1324	10th Street
37.8794650	-122.2972321	1326	10th Street
37.8793869	-122.2969330	1330	10th Street
37.8846628	-122.2966778	1061	San Pablo Avenue
37.8805812	-122.2690259	1483	Shattuck Avenue
37.8803791	-122.2689880	1495	Shattuck Avenue
37.8789677	-122.2688981	1533	Shattuck Avenue
37.8656100	-122.2587507	2468	Telegraph Avenue
37.8786460	-122.2967075	1019	Camelia Street
37.8711128	-122.2678971	100	Berkeley Square
37.9037398	-122.2779604	295	Arlington Avenue
37.8286666	-122.2562240	4101	Broadway
37.8416679	-122.2913570	5980	Horton Street
37.8794019	-122.2976616	1313	Ninth Street
37.8410422	-122.2904042	5885	Hollis Street
37.8505318	-122.2788060	3136	Sacramento Street
37.8310253	-122.2642233	4201	Telegraph Avenue
37.8727684	-122.2733066	1920	Martin Luther King Jr Way
37.8179679	-122.2625606	2900	Broadway
37.8204316	-122.2824091	2811	Adeline Street
37.8752949	-122.2685508	1797	Shattuck Avenue
37.8726527	-122.2686655	1974	Shattuck Avenue
37.8719686	-122.2681879	21	Shattuck Avenue
37.8149944	-122.2894915	1960	Mandela Parkway
37.8697182	-122.2662486	2173	Allston Way
37.8688101	-122.2664360	2177	Kittredge Street
37.8301314	-122.2793489	3900	San Pablo Avenue
37.8399089	-122.2594145	5300	Claremont Avenue
37.8671142	-122.2727253	2246	Martin Luther King Jr Way
37.8645593	-122.2677472	2462	Shattuck Avenue
37.8643715	-122.2677256	2480	Shattuck Avenue
37.8334444	-122.2924540	5606	Bay Street
37.8449532	-122.2911173	6401	Hollis Street
37.8449342	-122.2899511	1349	64th Street
37.8448169	-122.2904170	1399	64th Street
37.8721117	-122.2732085	1988	Martin Luther King Jr Way
37.8218681	-122.2600296	3400	Broadway
37.8905115	-122.2970234	1175	Solano Avenue
37.8493378	-122.2658720	6341	Shattuck Avenue
37.8727298	-122.2733050	1922B	Martin Luther King Jr Way
37.8725757	-122.2733434	1847	Berkeley Way
37.8687487	-122.2682224	2230	Shattuck Avenue
37.8256685	-122.2783700	3431	San Pablo Avenue
37.8228118	-122.2663599	3415	Telegraph Avenue
37.8683780	-122.2606950	2430	Bancroft Way
37.9013989	-122.2800185	85	Edgecroft Road
37.8582228	-122.2682022	2800	Adeline Street
37.8718081	-122.2698148	2036	University Avenue
37.8718334	-122.2698226	2036	University Avenue
37.8715502	-122.2742615	1823	University Avenue
37.8361760	-122.2627806	4923	Telegraph Avenue
37.8461354	-122.2517890	5800	College Avenue
37.8464017	-122.2521361	5811	College Avenue
37.8464488	-122.2521150	5817	College Avenue
37.8467526	-122.2518650	5830	College Avenue
37.8466675	-122.2521910	5831	College Avenue
37.8467034	-122.2521470	5833	College Avenue
37.8469935	-122.2519109	5856	College Avenue
37.8518169	-122.2523195	3155	College Avenue
37.8574850	-122.2665830	2829	Shattuck Avenue
37.8482854	-122.2719948	3320	Adeline Street
37.8278177	-122.2567725	4001	Broadway
37.8587055	-122.2441056	2916	Domingo Avenue
37.8716983	-122.2679420	61	Shattuck Square
37.8375307	-122.3021565	2340	Powell Street
37.8591999	-122.2602076	2334	Stuart Street
37.8915105	-122.2792594	1823	Solano Avenue
37.8576209	-122.2914440	940	Parker Street
37.8608990	-122.2898885	1096	Dwight Way
37.8495643	-122.2714701	3250	Adeline Street
37.8609547	-122.2897281	2500	San Pablo Avenue
37.8677666	-122.2579221	2520	Durant Avenue
37.8683462	-122.2581649	2519F	Durant Avenue
37.8680747	-122.2582842	"2, 2517"	Durant Avenue
37.8796438	-122.2989402	950	Gilman Street
37.8529079	-122.2663050	3102	Shattuck Avenue
37.8507494	-122.2526495	6321	College Avenue
37.8270727	-122.2513112	4184 C	Piedmont Avenue
37.8773311	-122.2945401	1443	San Pablo Avenue
37.8772787	-122.2945199	1445	San Pablo Avenue
37.8711511	-122.2708585	2020	Milvia Street
37.8580359	-122.2599084	2850	Telegraph Avenue
37.8449163	-122.2614753	5831	Telegraph Avenue
37.8451944	-122.2610389	5900	Telegraph Avenue
37.8507337	-122.2607029	6427	Telegraph Avenue
37.8986906	-122.2999917	195	El Cerrito Plaza
37.8989538	-122.2991348	233	El Cerrito Plaza
37.8992220	-122.2982409	280	El Cerrito Plaza
37.8991804	-122.2984039	270	El Cerrito Plaza
37.8990123	-122.2989080	240	El Cerrito Plaza
37.9000518	-122.3020122	9950	San Pablo Avenue
37.8993581	-122.2978312	295	El Cerrito Plaza
37.8942393	-122.3000440	625	San Pablo Avenue
37.8941775	-122.2999570	627	San Pablo Avenue
37.8947759	-122.3002004	609	San Pablo Avenue
37.8947378	-122.3001293	609 	San Pablo Avenue
37.8902811	-122.2967050	1164	Solano Avenue
37.8995597	-122.2985081	400	El Cerrito Plaza
37.8976400	-122.2987170	416	Cornell Avenue
37.8975934	-122.2987009	418	Cornell Avenue
37.8975130	-122.2986500	420	Cornell Avenue
37.8973479	-122.2985883	426	Cornell Avenue
37.8974643	-122.2986258	422	Cornell Avenue
37.8974156	-122.2986151	424	Cornell Avenue
37.8972955	-122.2994667	422	Stannage Avenue
37.8972691	-122.2994573	424	Stannage Avenue
37.8972204	-122.2994560	426	Stannage Avenue
37.8972066	-122.2994493	428	Stannage Avenue
37.8972257	-122.2997161	1125	Brighton Avenue
37.8972140	-122.2996880	1127	Brighton Avenue
37.8799420	-122.2694760	1506	Shattuck Avenue
37.8799047	-122.2694715	1508	Shattuck Avenue
37.8978843	-122.2967159	1241A	Brighton Avenue
37.8978790	-122.2967038	1241B	Brighton Avenue
37.8979859	-122.2967468	425	Evelyn Avenue
37.8979859	-122.2967092	427	Evelyn Avenue
37.8980018	-122.2966422	429	Evelyn Avenue
37.8980166	-122.2965885	321	Evelyn Avenue
37.8268969	-122.2520031	4131	Piedmont Avenue
37.8261954	-122.2524918	4070	Piedmont Avenue
37.8146381	-122.2858725	1940	Union Street
37.8725657	-122.2934666	1724	San Pablo Avenue
37.8673730	-122.2594881	2442	Durant Avenue
37.8703839	-122.2664649	2150	Center Street
37.8992190	-122.3022504	9901	San Pablo Avenue
37.8986412	-122.3013040	8000	El Cerrito Plaza
37.8986060	-122.3019239	9889	San Pablo Avenue
37.8961913	-122.3010785	540	San Pablo Avenue
37.8976076	-122.3009778	419	San Pablo Avenue
37.8974729	-122.3010691	423	San Pablo Avenue
37.8974488	-122.3010126	423A	San Pablo Avenue
37.8974041	-122.3010476	425	San Pablo Avenue
37.9014728	-122.2990268	3010	El Cerrito Plaza
37.9012399	-122.2996051	3080	El Cerrito Plaza
37.9012728	-122.2994635	3060	El Cerrito Plaza
37.9014230	-122.2992243	3030	El Cerrito Plaza
37.8763732	-122.2832523	1600	Sacramento Street
37.8694324	-122.2664827	2150	Allston Way
37.8718151	-122.2722433	1929	University Avenue
37.8720800	-122.2720541	1984	Bonita Avenue
37.8346317	-122.2772020	4367	Adeline Street
37.8633265	-122.2904641	2366	San Pablo Avenue
37.8700045	-122.2825370	1474	University Avenue
37.8189823	-122.2623974	3013	Broadway
37.8263085	-122.2518699	127	41st Street
37.8915312	-122.2788821	1841	Solano Avenue
37.8915327	-122.2788240	1843	Solano Avenue
37.8623831	-122.2813611	2448	Sacramento Street
37.8340877	-122.2633224	4685	Telegraph Avenue
37.8274425	-122.2512725	4183	Piedmont Avenue
37.8239361	-122.2554006	3800	Piedmont Avenue
37.8287450	-122.2609061	4007	40th Street
37.8169115	-122.2608338	259	25th Street
37.8701324	-122.2711962	1947	Center Street
37.8490396	-122.2854760	6604	San Pablo Avenue
37.8499624	-122.2705979	3221	Adeline Street
37.8501141	-122.2705420	3217	Adeline Street
37.8501748	-122.2705259	3215	Adeline Street
37.8500273	-122.2705645	3219	Adeline Street
37.8504334	-122.2704155	3201	Adeline Street
37.8509115	-122.2701535	3195	Adeline Street
37.8701168	-122.2830872	"1450, 1460-1464"	University Avenue
37.8703466	-122.2837140	1443	University Avenue
37.8844876	-122.2701081	1226	Shattuck Avenue
37.8187755	-122.3664171	30	Avenue G
37.8807063	-122.2964107	1284	San Pablo Avenue
37.8805407	-122.2963870	1041	Gilman Street
37.8702688	-122.2923517	1901	San Pablo Avenue
37.8326889	-122.2632948	"4432, 4430"	Telegraph Avenue
37.8587101	-122.2573541	2826	Regent Street
37.8449712	-122.2892588	6135	Doyle Street
37.8812874	-122.3022568	1160	Sixth Street
37.8147878	-122.2671806	478	25th Street
37.8325247	-122.2737166	4201	Market Street
37.8303695	-122.2783937	3960	Adeline Street
37.8392363	-122.2912979	5855	Horton Street Unit #411
37.9046224	-122.3152444	5200	Huntington Avenue
37.8790636	-122.3015853	820	Gilman Street
37.8780858	-122.3011175	1328	6th Street
37.8717749	-122.2675907	2017	Shattuck Avenue
37.8654693	-122.2672237	2417	Shattuck Avenue
37.8682847	-122.2707560	1980	Allston Way
37.8799273	-122.2683090	1510	Walnut Street
37.8640190	-122.2664304	2126	Dwight Way
37.8683312	-122.3143460	200	Marina Boulevard
37.8703477	-122.2668263	2136	Center Street
37.8446904	-122.2767280	6050	Lowell Street
37.8854527	-122.2744894	1201	The Alameda
37.8315096	-122.2779862	4000	Adeline Street
37.8454057	-122.2904518	6400	Hollis Street
37.8662837	-122.2600270	2407	Dana Street
37.8688825	-122.2994922	760	Hearst Avenue
37.8683647	-122.2999903	1911	Fourth Street
37.8406829	-122.2893389	5800	Hollis Street
37.8722518	-122.2688850	2079	University Avenue
37.8688587	-122.2676390	2225	Shattuck Avenue
37.8359536	-122.2628080	4905	Telegraph Avenue
37.8728299	-122.2689226	2050	Berkeley Way
37.8568538	-122.2534410	2644	Ashby Avenue
37.8241432	-122.2548435	11	Rio Vista Avenue
37.8922786	-122.2795983	1821	Catalina Avenue
37.8360507	-122.2948726	5745	Christie Avenue
37.8585022	-122.2777086	2709	California Street
37.8319039	-122.2677454	4232	Martin Luther King Junior Way
37.8749856	-122.2688943	1790	Shattuck Avenue
37.8748817	-122.2688807	1798	Shattuck Avenue
37.8351479	-122.2815765	4575	San Pablo Avenue
37.8210586	-122.2668470	3201	Telegraph Avenue
37.8253540	-122.2658390	3665	Telegraph Avenue
37.8268130	-122.2653465	3801	Telegraph Avenue
37.8286124	-122.2685434	3860	Martin Luther King Jr Way
37.8889320	-122.2987230	938	San Pablo Avenue
37.8172687	-122.2633167	2863	Broadway
37.8172904	-122.2633035	2865	Broadway
37.8173174	-122.2632921	2867	Broadway
37.8173661	-122.2632620	2869	Broadway
37.8852078	-122.2978846	1075	Monroe Street
37.8913962	-122.2812891	1741	Solano Avenue
37.9043434	-122.3049043	10225	San Pablo Avenue
37.8338499	-122.2925910	5609	Bay Street
37.8863091	-122.2784016	1118	Colusa Avenue
37.8239379	-122.2569970	240	West MacArthur Boulevard
37.8149313	-122.2662715	406	26th Street
37.8918317	-122.2996726	810	San Pablo Avenue
37.8715927	-122.2679273	64	Shattuck Square
37.8681954	-122.2662330	2282	Fulton Street
37.8717624	-122.2681612	64	Shattuck Square
37.8233458	-122.2562322	3762	Piedmont Avenue
37.8801086	-122.2682970	1510	Walnut Street
37.8502064	-122.2705155	3212	Adeline Street
37.8589520	-122.2667453	2777	Shattuck Avenue
37.8909376	-122.2894364	1425	Solano Avenue
37.8730028	-122.2679961	2112	Berkeley Way
37.8848398	-122.2969882	1051	San Pablo Avenue
37.8293760	-122.2505196	4327	Piedmont Avenue
37.8638765	-122.2972146	2263	5th St
37.8705637	-122.2829475	1469	University Avenue
37.8705510	-122.2829422	1471	University Avenue
37.8705319	-122.2829395	1473	University Avenue
37.8704896	-122.2829261	1475	University Avenue
37.8705827	-122.2828161	1477	University Avenue
37.8705679	-122.2828080	1479	University Avenue
37.8705467	-122.2828027	1481	University Avenue
37.8705192	-122.2827946	1483	University Avenue
37.8706018	-122.2826498	1485	University Avenue
37.8705870	-122.2826498	1487	University Avenue
37.8705679	-122.2826444	1489	University Avenue
37.8705488	-122.2826444	1491	University Avenue
37.8708601	-122.2714424	1935	Addison Street
37.8923187	-122.2994156	747	San Pablo Avenue
37.8923876	-122.2993963	745	San Pablo Avenue
37.8698996	-122.2872883	1269	University Avenue
37.8686380	-122.2994028	760	Hearst Avenue
37.8584716	-122.2680829	2750	Adeline Street
37.8671865	-122.2590020	2384	Telegraph Avenue
37.8365301	-122.2760670	5000	Adeline Street
37.8283398	-122.2579700	360	40th Street
37.8715288	-122.2705760	2000	University Avenue
37.8739663	-122.2834392	1750	Sacramento Street
37.8701007	-122.2681385	2160	Shattuck Avenue
37.8771310	-122.2691609	1666	Shattuck Ave
37.8773818	-122.2687920	1625	Shattuck Avenue
37.8570287	-122.2884580	2370	San Pablo Avenue
37.9006263	-122.3097210	3117	Pierce Street
37.8240484	-122.2553384	3814	Piedmont Avenue
37.8509388	-122.2782411	3121	Sacramento Street
37.8581947	-122.2530420	2905	College Avenue
37.8546329	-122.2482831	3084	Claremont Avenue
37.8909721	-122.2989742	825	San Pablo Avenue
37.8665929	-122.2600071	2410	Channing Way
37.8502111	-122.2656954	6432	Shattuck Avenue
37.8564573	-122.2528770	2985	College Avenue
37.8794788	-122.2998510	912	Gilman Street
37.8241821	-122.2839234	1400	32nd Street
37.8902070	-122.2977730	1122	Solano Avenue
37.8652454	-122.2583263	2499	Telegraph Avenue
37.8488319	-122.2718158	3290	Adeline Street
37.8491331	-122.2716567	3278	Adeline Street
37.8184013	-122.2451334	3917	Grand Avenue
37.8680838	-122.2582119	2517	Durant Avenue
37.8906334	-122.2949210	1231	Solano Avenue
37.8348177	-122.2631405	4731	Telegraph Avenue
37.8401364	-122.2694930	5512	Martin Luther King Junior Way
37.8500817	-122.2524960	6247	College Avenue
37.8681471	-122.2870122	2121	Bonar Street
37.8653638	-122.2583491	2491	Telegraph Avenue
37.8705701	-122.3007212	1787	Fourth Street
37.8706897	-122.3007414	1785	Fourth Street
37.8644919	-122.2724545	2414	Martin Luther King Junior Way
37.8712823	-122.2766730	1725	University Avenue
37.8901797	-122.3003246	1009	Solano Avenue
37.8454862	-122.2520930	5711	College Avenue
37.8508692	-122.2601540	6430	Telegraph Avenue
37.8253742	-122.2836525	3250	Hollis Street
37.8317095	-122.2640266	4301	Telegraph Avenue
37.8654939	-122.2583416	2485	Telegraph Avenue
37.8532508	-122.2635552	2210	Prince Street
37.8527391	-122.2674559	2012	Prince Street
37.8817001	-122.2906606	1275	Gilman Street
37.8652637	-122.2672202	2429	Shattuck Avenue
37.8651996	-122.2672150	2433	Shattuck Avenue
37.8625052	-122.2809403	2447	Sacramento Street
37.8615203	-122.2804850	1501	Blake Street
37.8623330	-122.2814266	2450	Sacramento Street
37.8616976	-122.2807265	2517 B	Sacramento Street
37.8837962	-122.2966480	1107	San Pablo Avenue
37.8818919	-122.2976575	1200	Tenth Street
37.8677204	-122.2584200	2510	Durant Avenue
37.8537073	-122.2789017	2979	Sacramento Street
37.8543057	-122.2790405	2937	Sacramento Street
37.8733004	-122.2682760	1919	Shattuck Avenue
37.8478534	-122.2606374	6124	Telegraph Avenue
37.8703405	-122.2936252	1029	Hearst Avenue
37.8695281	-122.2976808	831	Hearst Avenue
37.8698511	-122.2949968	950	Hearst Avenue
37.8700672	-122.2938501	1018	Hearst Avenue
37.8701426	-122.2934787	1022B	Hearst Avenue
37.8699055	-122.2965222	913	Hearst Avenue
37.8700464	-122.2954923	933	Hearst Avenue
37.8699268	-122.2956508	931	Hearst Avenue
37.8697614	-122.2966314	909	Hearst Avenue
37.8699387	-122.2944994	1004	Hearst Avenue
37.8701893	-122.2932152	1030	Hearst Avenue
37.8701947	-122.2943511	1011	Hearst Avenue
37.8695475	-122.2963997	914	Hearst Avenue
37.8697865	-122.2964021	915	Hearst Avenue
37.8700121	-122.2952727	935	Hearst Avenue
37.8702785	-122.2939586	1025	Hearst Avenue
37.8696162	-122.2972839	839	Hearst Avenue
37.8699029	-122.2943627	1006	Hearst Avenue
37.8702895	-122.2944675	1007	Hearst Avenue
37.8701189	-122.2935694	1022A	Hearst Avenue
37.8693588	-122.2973482	850	Hearst Avenue
37.8695876	-122.2974089	837	Hearst Avenue
37.8709450	-122.2887207	1250	Hearst Avenue
37.8713226	-122.2877427	1273	Hearst Avenue
37.8712514	-122.2883638	1822	Chestnut Street
37.8705926	-122.2918503	1113	Hearst Avenue
37.8708007	-122.2893070	1210	Hearst Avenue
37.8712395	-122.2881485	1825	Chestnut Street
37.8710944	-122.2873095	1280	Hearst Avenue
37.8711669	-122.2883827	1261	Hearst Avenue
37.8713223	-122.2873495	1277	Hearst Avenue
37.8712749	-122.2878509	1271	Hearst Avenue
37.8709933	-122.2882896	1900	Chestnut Street
37.8709250	-122.2883271	1904	Chestnut Street
37.8710664	-122.2893505	1211	Hearst Avenue
37.8707126	-122.2907922	1141	Hearst Avenue
37.8708867	-122.2889931	1242	Hearst Avenue
37.8709439	-122.2880900	1905	Chestnut Street
37.8721628	-122.2809132	1528	Hearst Avenue
37.8723621	-122.2816208	1511	Hearst Avenue
37.8725182	-122.2805670	1537	Hearst Avenue
37.8723379	-122.2817727	1503	Hearst Avenue
37.8724286	-122.2813315	1519	Hearst Avenue
37.8723836	-122.2814439	1515	Hearst Avenue
37.8722129	-122.2801170	1546	Hearst Avenue
37.8724653	-122.2811195	1521	Hearst Avenue
37.8720569	-122.2816401	1506	Hearst Avenue
37.8721923	-122.2802882	1544	Hearst Avenue
37.8720402	-122.2818584	1903	Sacramento Street
37.8724997	-122.2808328	1533	Hearst Avenue
37.8702992	-122.2942627	1015	Hearst Avenue
37.8701881	-122.2945296	1005	Hearst Avenue
37.8697537	-122.2968300	905	Hearst Avenue
37.8698744	-122.2962981	917	Hearst Avenue
37.8714904	-122.2845981	1386	Hearst Avenue
37.8714424	-122.2863207	1337	Hearst Avenue
37.8716059	-122.2834229	1424	Hearst Avenue
37.8717755	-122.2839512	1411	Hearst Avenue
37.8720502	-122.2827576	1435	Hearst Avenue
37.8715243	-122.2843897	1400	Hearst Avenue
37.8718965	-122.2830413	1431	Hearst Avenue
37.8717350	-122.2842955	1405	Hearst Avenue
37.8714706	-122.2847195	1382	Hearst Avenue
37.8716202	-122.2831840	1428	Hearst Avenue
37.8712609	-122.2863629	1338	Hearst Avenue
37.8718346	-122.2835366	1421	Hearst Avenue
37.8720022	-122.2824648	1439	Hearst Avenue
37.8716735	-122.2846577	1399	Hearst Avenue
37.8713722	-122.2853373	1362	Hearst Avenue
37.8712456	-122.2865272	1300	Hearst Avenue
37.8716791	-122.2844114	1401	Hearst Avenue
37.8719619	-122.2828811	1433	Hearst Avenue
37.8714286	-122.2864989	1301	Hearst Avenue
37.8715674	-122.2830428	1430	Hearst Avenue
37.8715471	-122.2855447	1359	Hearst Avenue
37.8712086	-122.2869080	1290	Hearst Avenue
37.8715534	-122.2857857	1351	Hearst Avenue
37.8713470	-122.2857344	1352	Hearst Avenue
37.8715040	-122.2842576	1402	Hearst Avenue
37.8716480	-122.2848020	1393	Hearst Avenue
37.8713827	-122.2869525	1299	Hearst Avenue
37.8714707	-122.2862380	1339	Hearst Avenue
37.8710076	-122.2881293	1901	Chestnut Street
37.8707468	-122.2906480	1145	Hearst Avenue
37.8706512	-122.2913500	1131	Hearst Avenue
37.8706201	-122.2917326	1123	Hearst Avenue
37.8708147	-122.2902216	1173	Hearst Avenue
37.8706784	-122.2897888	1198	Hearst Avenue
37.8710818	-122.2891998	1241	Hearst Avenue
37.8706440	-122.2901554	1164	Hearst Avenue
37.8712986	-122.2876163	1275	Hearst Avenue
37.8708538	-122.2891584	1238	Hearst Avenue
37.8713910	-122.2872456	1281	Hearst Avenue
37.8710700	-122.2875880	1270	Hearst Avenue
37.8706417	-122.2915523	1129	Hearst Avenue
37.8708317	-122.2895946	1901	Curtis Street
37.8722707	-122.2791299	1638	Hearst Avenue
37.8722358	-122.2794847	1624	Hearst Avenue
37.8722523	-122.2796667	1622	Hearst Avenue
37.8745232	-122.2651148	2255	Hearst Avenue
37.8743814	-122.2656555	2235	Hearst Avenue
37.8746694	-122.2645920	2283	Hearst Avenue
37.8745568	-122.2647456	2267	Hearst Avenue
37.8758716	-122.2631561	2369	Le Conte Avenue
37.8753103	-122.2634822	2317	Le Conte Avenue
37.8752533	-122.2631570	2340	Le Conte Avenue
37.8754316	-122.2633715	2321	Le Conte Avenue
37.8748089	-122.2636234	2300	Le Conte Avenue
37.8749503	-122.2634982	2320	Le Conte Avenue
37.8756508	-122.2633433	2357	Le Conte Avenue
37.8750402	-122.2634183	2326	Le Conte Avenue
37.8757728	-122.2631242	2365	Le Conte Avenue
37.8287770	-122.2602191	420	40th Street
37.8703804	-122.2834461	1459	University Avenue
37.8912282	-122.2865109	893	Neilson Street
37.8795285	-122.2977033	1313	Ninth Street
37.8813618	-122.2892870	1313	Gilman Street
37.8905483	-122.2965560	1187	Solano Avenue
37.8918726	-122.2798134	895	Colusa Avenue
37.8914923	-122.2799993	898	Colusa Avenue
37.8917685	-122.2800589	884	Colusa Avenue
37.8923716	-122.2783915	1850	Catalina Avenue
37.8925454	-122.2779598	1868	Catalina Avenue
37.8913182	-122.2843480	1611	Solano Avenue
37.8911531	-122.2864555	1535	Solano Avenue
37.8910679	-122.2870010	1519	Solano Avenue
37.8910774	-122.2821330	1702	Solano Avenue
37.8910557	-122.2822550	1700	Solano Avenue
37.8910890	-122.2815268	1740	Solano Avenue
37.8908033	-122.2921150	1313	Solano Avenue
37.8904434	-122.2983580	1111	Solano Avenue
37.8622089	-122.2776281	1621	Blake Street
37.8615214	-122.2806304	2517A	Sacramento Street
37.8619377	-122.2772440	1629	Blake Street
37.8620170	-122.2772280	1631	Blake Street
37.8651962	-122.2678295	2430	Shattuck Avenue
37.8505796	-122.2525551	6311	College Avenue
37.8700138	-122.3014402	1788	Fourth Street
37.8679098	-122.2596413	2435	Durant Avenue
37.8657116	-122.2583746	2465	Telegraph Avenue
37.8653037	-122.2582834	2493	Telegraph Avenue
37.8691174	-122.2782226	2125	Jefferson Avenue
37.8626066	-122.2723049	1843	Blake Street
37.8626449	-122.2692950	2004	Blake Street
37.8626063	-122.2695108	2000	Blake Street
37.8625486	-122.2694130	2002	Blake Street
37.8629505	-122.2693487	2011	Blake Street
37.8629157	-122.2695660	2001	Blake Street
37.8625735	-122.2692099	2006	Blake Street
37.8608483	-122.2786005	1545	Parker Street
37.8583547	-122.2776556	2721	California Street
37.8586005	-122.2776534	2707	California Street
37.8586809	-122.2777506	2705	California Street
37.8615031	-122.2784198	2529	California Street
37.8667624	-122.2895664	1137	Allston Way
37.8669243	-122.2883228	1215	Allston Way
37.8667817	-122.2894458	1139	Allston Way
37.8668704	-122.2887169	1203	Allston Way
37.8666332	-122.2904624	1125	Allston Way
37.8669180	-122.2881883	1219	Allston Way
37.8669096	-122.2884753	1211	Allston Way
37.8667840	-122.2893420	1141	Allston Way
37.8667504	-122.2896975	1133	Allston Way
37.8668898	-122.2885814	1207	Allston Way
37.8691919	-122.2794153	2109	California Street
37.8687130	-122.2793487	2131	California Street
37.8693431	-122.2794707	2105	California Street
37.8685020	-122.2793213	2145	California Street
37.8694027	-122.2793995	2103	California Street
37.8684160	-122.2793229	2147	California Street
37.8685486	-122.2794022	2143	California Street
37.8688198	-122.2793781	2125	California Street
37.8692831	-122.2793998	2107	California Street
37.8699281	-122.2795615	2091	California Street
37.8689393	-122.2793757	2123	California Street
37.8685994	-122.2793248	2135	California Street
37.8826560	-122.2563871	2850	Buena Vista Way
37.8757113	-122.2736314	1708	Martin Luther King Junior Way
37.8643953	-122.2793232	2350	California Street
37.8638542	-122.2793664	2408	California Street
37.8644994	-122.2793393	2340	California Street
37.8639878	-122.2793928	2406	California Street
37.8280332	-122.2566126	4027	Broadway
37.8905515	-122.2966696	1183	Solano Avenue
37.8607358	-122.2896870	2506	San Pablo Avenue
37.8716071	-122.2713928	1966	University Avenue
37.8986450	-122.2973370	400	Evelyn Avenue
37.8565641	-122.2528850	2979	College Avenue
37.8566263	-122.2528290	2977	College Avenue
37.8793396	-122.2752786	1820	Vine Street
37.8793206	-122.2754623	1816	Vine Street
37.8793301	-122.2753765	1818	Vine Street
37.8787543	-122.2854126	1452	Acton Street
37.8787394	-122.2855467	1396	Ada Street
37.8899042	-122.2519782	1201	Grizzly Peak Boulevard
37.8805970	-122.2446195	7	Gauss Way
37.8574372	-122.2529710	2949	College Avenue
37.8573949	-122.2528970	2951	College Avenue
37.8550518	-122.2481170	2842	Prince Street
37.8658675	-122.2584297	2455	Telegraph Avenue
37.8666729	-122.2585762	2401	Telegraph Avenue
37.8634857	-122.2589014	2590	Telegraph Avenue
37.8645353	-122.2561530	2515	Hillegass Avenue
37.8513330	-122.2600310	6510	Telegraph Avenue
37.8518069	-122.2605728	6547	Telegraph Avenue
37.8531372	-122.2598306	3115	Telegraph Avenue
37.8682778	-122.2592721	2312	Telegraph Avenue
37.8288875	-122.2813470	3839	Emery Street
37.8290119	-122.2809570	3839	Emery Street
37.8340066	-122.2827621	1172	45th Street
37.8304833	-122.2812210	3997	Emery Street
37.8307470	-122.2802570	1151	40th Street
37.8288294	-122.2818131	3839	Emery Street
37.8306849	-122.2806220	1199	40th Street
37.8284149	-122.2837485	3838	Hollis Street
37.8280951	-122.2855624	3535	Hollis Street
37.8294901	-122.2802443	3889	San Pablo Avenue
37.8649731	-122.2910710	2238	San Pablo Avenue
37.8659439	-122.2913839	2210	San Pablo Avenue
37.8674269	-122.2913032	2121	San Pablo Avenue
37.8688781	-122.2923144	2000	San Pablo Avenue
37.8817505	-122.2823201	1549	Hopkins Street
37.8256859	-122.2526870	17	Glen Avenue
37.8752639	-122.2597825	2503	Hearst Avenue
37.8560136	-122.2925170	904	Pardee Street
37.8561071	-122.2920626	920	Pardee Street
37.8707282	-122.2673600	2121	Center Street
37.8338542	-122.2925114	5609	Bay Street
37.8691827	-122.2684876	2086	Allston Way
37.8937119	-122.2997631	665	San Pablo Avenue
37.8940540	-122.2998900	635	San Pablo Avenue
37.8903830	-122.2992038	862	San Pablo Avenue
37.8899224	-122.2986460	913	San Pablo Avenue
37.8992960	-122.3085160	3288A	Pierce Street
37.8906862	-122.2858710	1538	Solano Avenue
37.8911099	-122.2865070	1533	Solano Avenue
37.8913078	-122.2832424	1653	Solano Avenue
37.8694632	-122.2662830	2150	Allston Way
37.8880249	-122.2929685	1249	Marin Avenue
37.8778461	-122.3030490	1335	Fourth Street
37.8794771	-122.3015870	1290	Sixth Street
37.8911975	-122.2932896	842	Key Route Boulevard
37.9038131	-122.2915571	7512	Fairmount Avenue
37.8261291	-122.2525833	4060	Piedmont Avenue
37.8811298	-122.2958194	1233	San Pablo Avenue
37.8173889	-122.2633856	2869	Broadway
37.8189247	-122.2852970	1255	26th Street
37.8686451	-122.3024208	1831	Second Street
37.8552193	-122.2693258	2966	Adeline Street
37.8331453	-122.2931729	5603	Bay Street
37.8681274	-122.2579804	2521	Durant Avenue
37.8681193	-122.2580961	2519	Durant Avenue
37.8515721	-122.2926050	795	Potter Street
37.8822502	-122.2693789	1385	Shattuck Avenue
37.8337294	-122.2494647	5132	Broadway
37.8338643	-122.2493462	5132	Broadway
